method,size,split,seed,instance_id,Cmax_roll,average_completion_time,average_waiting_time,machine_utilization,load_balance_std,split_task_ratio,total_split_count,inference_time,candidate_mode,split_rule,notes,is_valid_schedule,num_overlap_violations,num_release_time_violations,num_machine_eligibility_violations,num_split_ratio_violations,num_processing_time_violations,num_completion_time_violations,cmax_check_passed
Random,small,test,170000,small_test_0000_seed_170000,301.9819206887308,159.76799621960456,36.600069805982834,0.5023753311498549,37.681490973278336,0.5416666666666666,14.0,0.0019403000478632748,all_eligible,env_inverse_processing_time,stage_A_fixed_instances,True,0,0,0,0,0,0,True
FIFO,small,test,170000,small_test_0000_seed_170000,253.15992068873072,137.0260823919149,19.74142290821476,0.6070926733891542,36.393310101569284,0.5416666666666666,14.0,0.0015644000377506018,all_eligible,env_inverse_processing_time,stage_A_fixed_instances,True,0,0,0,0,0,0,True
SPT,small,test,170000,small_test_0000_seed_170000,305.78257634297125,152.77354424553627,37.530262715761076,0.5006939914765348,36.36576588580627,0.5416666666666666,14.0,0.0013005000073462725,all_eligible,env_inverse_processing_time,stage_A_fixed_instances,True,0,0,0,0,0,0,True
LPT,small,test,170000,small_test_0000_seed_170000,261.21492068873073,165.27459799023651,41.06558151230641,0.5849926122533439,35.456332841723935,0.5416666666666666,14.0,0.00135709997266531,all_eligible,env_inverse_processing_time,stage_A_fixed_instances,True,0,0,0,0,0,0,True
MinCandidateLoad,small,test,170000,small_test_0000_seed_170000,253.15992068873072,141.6376196008871,24.818872810776487,0.6066089928838108,36.617839213681,0.5416666666666666,14.0,0.0017928999732248485,all_eligible,env_inverse_processing_time,stage_A_fixed_instances,True,0,0,0,0,0,0,True
GreedyECT,small,test,170000,small_test_0000_seed_170000,267.8689206887307,140.88282904148696,30.60279254845175,0.5679263513252868,37.93451721853047,0.5416666666666666,14.0,0.003086599987000227,all_eligible,env_inverse_processing_time,stage_A_fixed_instances,True,0,0,0,0,0,0,True
Random,small,test,170001,small_test_0001_seed_170001,229.34029422434102,135.941288576073,31.36719322814993,0.5233415157298712,42.21572874569962,0.4166666666666667,12.0,0.0012205999810248613,all_eligible,env_inverse_processing_time,stage_A_fixed_instances,True,0,0,0,0,0,0,True
FIFO,small,test,170001,small_test_0001_seed_170001,190.2100667024157,114.6309404632491,8.957669654380572,0.6222634026159894,46.6069580627292,0.4166666666666667,12.0,0.0013466000091284513,all_eligible,env_inverse_processing_time,stage_A_fixed_instances,True,0,0,0,0,0,0,True
SPT,small,test,170001,small_test_0001_seed_170001,241.215021789456,135.99472709403491,32.05982275289077,0.501825851252885,45.460805684151204,0.4166666666666667,12.0,0.0013209999888204038,all_eligible,env_inverse_processing_time,stage_A_fixed_instances,True,0,0,0,0,0,0,True
LPT,small,test,170001,small_test_0001_seed_170001,211.3006339782682,149.03027560524959,45.28234173034972,0.5550440481736039,42.06635744033659,0.4166666666666667,12.0,0.0013616999494843185,all_eligible,env_inverse_processing_time,stage_A_fixed_instances,True,0,0,0,0,0,0,True
MinCandidateLoad,small,test,170001,small_test_0001_seed_170001,190.2100667024157,113.96642173663015,8.580461321047238,0.6191217632751741,45.530530633289914,0.4166666666666667,12.0,0.0012264999677427113,all_eligible,env_inverse_processing_time,stage_A_fixed_instances,True,0,0,0,0,0,0,True
GreedyECT,small,test,170001,small_test_0001_seed_170001,191.00518681365742,112.90260586604683,11.289320980785595,0.621098573349646,46.97009754286437,0.4166666666666667,12.0,0.0019961000070907176,all_eligible,env_inverse_processing_time,stage_A_fixed_instances,True,0,0,0,0,0,0,True
Random,small,test,170002,small_test_0002_seed_170002,313.9512704279818,162.47289132198736,38.72719871994726,0.43567418399162927,61.65321051950613,0.375,9.0,0.001104299968574196,all_eligible,env_inverse_processing_time,stage_A_fixed_instances,True,0,0,0,0,0,0,True
FIFO,small,test,170002,small_test_0002_seed_170002,291.7544387929439,146.03649143255475,25.50184049718133,0.4659080760982049,58.788132767989495,0.375,9.0,0.0011088000028394163,all_eligible,env_inverse_processing_time,stage_A_fixed_instances,True,0,0,0,0,0,0,True
SPT,small,test,170002,small_test_0002_seed_170002,319.585438792944,153.24891195321436,31.569177684507583,0.4269375835793873,60.90321981588357,0.375,9.0,0.0014976999955251813,all_eligible,env_inverse_processing_time,stage_A_fixed_instances,True,0,0,0,0,0,0,True
LPT,small,test,170002,small_test_0002_seed_170002,313.9512704279818,171.3724234766636,47.83848087462354,0.4416874010755531,58.52269090887353,0.375,9.0,0.001805500010959804,all_eligible,env_inverse_processing_time,stage_A_fixed_instances,True,0,0,0,0,0,0,True
MinCandidateLoad,small,test,170002,small_test_0002_seed_170002,291.7544387929439,147.63019976588808,27.556423830514664,0.4713201617087365,57.53530605229876,0.375,9.0,0.0012843999429605901,all_eligible,env_inverse_processing_time,stage_A_fixed_instances,True,0,0,0,0,0,0,True
GreedyECT,small,test,170002,small_test_0002_seed_170002,291.754438792944,145.52988964818604,25.351363712812645,0.4659080760982049,58.7881327679895,0.375,9.0,0.0020081999828107655,all_eligible,env_inverse_processing_time,stage_A_fixed_instances,True,0,0,0,0,0,0,True
Random,small,test,170003,small_test_0003_seed_170003,209.12409255838395,133.36280438618348,20.681033868577348,0.589782782019493,33.550859318966786,0.4166666666666667,11.0,0.0010661999695003033,all_eligible,env_inverse_processing_time,stage_A_fixed_instances,True,0,0,0,0,0,0,True
FIFO,small,test,170003,small_test_0003_seed_170003,200.028,120.0434921705204,6.148112384592835,0.6206581205082967,34.565369040376964,0.4166666666666667,11.0,0.0010717999539338052,all_eligible,env_inverse_processing_time,stage_A_fixed_instances,True,0,0,0,0,0,0,True
SPT,small,test,170003,small_test_0003_seed_170003,238.461287575107,142.4037435416744,30.61750036519814,0.5244687917853696,33.9689126322618,0.4166666666666667,11.0,0.0012160000042058527,all_eligible,env_inverse_processing_time,stage_A_fixed_instances,True,0,0,0,0,0,0,True
LPT,small,test,170003,small_test_0003_seed_170003,223.3164889255739,150.2753058369747,35.73046049375604,0.5522954237976369,38.463636592075616,0.4166666666666667,11.0,0.0012390000047162175,all_eligible,env_inverse_processing_time,stage_A_fixed_instances,True,0,0,0,0,0,0,True
MinCandidateLoad,small,test,170003,small_test_0003_seed_170003,213.1201173718457,132.42615157069034,18.99583103827145,0.5807834932038862,42.4997800650197,0.4166666666666667,11.0,0.0011854000040329993,all_eligible,env_inverse_processing_time,stage_A_fixed_instances,True,0,0,0,0,0,0,True
GreedyECT,small,test,170003,small_test_0003_seed_170003,217.15613308400242,122.0467315131292,14.625456079555965,0.5770604439738842,34.175025854718974,0.4166666666666667,11.0,0.0017723999917507172,all_eligible,env_inverse_processing_time,stage_A_fixed_instances,True,0,0,0,0,0,0,True
Random,small,test,170004,small_test_0004_seed_170004,230.3323308535755,152.12527339930418,42.55070092600346,0.49838769319014536,38.712926451458515,0.4583333333333333,11.0,0.0010433000279590487,all_eligible,env_inverse_processing_time,stage_A_fixed_instances,True,0,0,0,0,0,0,True
FIFO,small,test,170004,small_test_0004_seed_170004,217.47727865256263,119.73456572331878,10.693274404420956,0.5293221110859213,31.844874185903336,0.4583333333333333,11.0,0.0010298999841324985,all_eligible,env_inverse_processing_time,stage_A_fixed_instances,True,0,0,0,0,0,0,True
SPT,small,test,170004,small_test_0004_seed_170004,238.99475864654056,141.05389971243653,30.83962543092908,0.4847438797042708,33.194154786364024,0.4583333333333333,11.0,0.001809299981687218,all_eligible,env_inverse_processing_time,stage_A_fixed_instances,True,0,0,0,0,0,0,True
LPT,small,test,170004,small_test_0004_seed_170004,243.6583238383155,161.1077840322264,46.34091052355973,0.4688255452791824,38.79651479956728,0.4583333333333333,11.0,0.0015296000055968761,all_eligible,env_inverse_processing_time,stage_A_fixed_instances,True,0,0,0,0,0,0,True
MinCandidateLoad,small,test,170004,small_test_0004_seed_170004,217.47727865256263,119.73456572331877,10.693274404420956,0.5293221110859213,31.844874185903336,0.4583333333333333,11.0,0.001215199998114258,all_eligible,env_inverse_processing_time,stage_A_fixed_instances,True,0,0,0,0,0,0,True
GreedyECT,small,test,170004,small_test_0004_seed_170004,217.47727865256263,123.07875557006746,15.181636283668086,0.5300407411665164,39.12569106248398,0.4583333333333333,11.0,0.001734199991915375,all_eligible,env_inverse_processing_time,stage_A_fixed_instances,True,0,0,0,0,0,0,True
Random,small,test,170005,small_test_0005_seed_170005,249.74964440607638,142.6680670165296,32.42188336348108,0.47449580053528473,49.217069119070665,0.5416666666666666,13.0,0.0010201999684795737,all_eligible,env_inverse_processing_time,stage_A_fixed_instances,True,0,0,0,0,0,0,True
FIFO,small,test,170005,small_test_0005_seed_170005,216.05908618698592,125.19997195184425,13.586085053355083,0.5374589651456779,51.38380590679936,0.5416666666666666,13.0,0.0010477000032551587,all_eligible,env_inverse_processing_time,stage_A_fixed_instances,True,0,0,0,0,0,0,True
SPT,small,test,170005,small_test_0005_seed_170005,243.8324172213247,129.66392045998384,19.3449585989482,0.47208180342403316,50.305276372940476,0.5416666666666666,13.0,0.0011176999541930854,all_eligible,env_inverse_processing_time,stage_A_fixed_instances,True,0,0,0,0,0,0,True
LPT,small,test,170005,small_test_0005_seed_170005,240.6796444060764,159.33097754866165,47.032606652279874,0.474859765939841,49.46551677267852,0.5416666666666666,13.0,0.00119420001283288,all_eligible,env_inverse_processing_time,stage_A_fixed_instances,True,0,0,0,0,0,0,True
MinCandidateLoad,small,test,170005,small_test_0005_seed_170005,242.83491191340934,131.03886996885348,18.705502764993245,0.4719919823295129,54.111483254435925,0.5416666666666666,13.0,0.0011243000044487417,all_eligible,env_inverse_processing_time,stage_A_fixed_instances,True,0,0,0,0,0,0,True
GreedyECT,small,test,170005,small_test_0005_seed_170005,218.6908734636911,124.38017443153369,13.381560473572728,0.5313490076025357,52.30486505558801,0.5416666666666666,13.0,0.0016804999904707074,all_eligible,env_inverse_processing_time,stage_A_fixed_instances,True,0,0,0,0,0,0,True
Random,small,test,170006,small_test_0006_seed_170006,249.88812433324924,138.34540641326393,30.74131055995379,0.4502869038448885,48.85427775569218,0.5416666666666666,17.0,0.0010370999807491899,all_eligible,env_inverse_processing_time,stage_A_fixed_instances,True,0,0,0,0,0,0,True
FIFO,small,test,170006,small_test_0006_seed_170006,212.18307958172812,115.54718388486549,5.650911459591011,0.5312154642175347,55.22003259112843,0.5416666666666666,17.0,0.0009952000109478831,all_eligible,env_inverse_processing_time,stage_A_fixed_instances,True,0,0,0,0,0,0,True
SPT,small,test,170006,small_test_0006_seed_170006,236.0848181957415,127.42456453902561,20.99590070088179,0.47622669839332404,50.601330545238355,0.5416666666666666,17.0,0.0014559999690391123,all_eligible,env_inverse_processing_time,stage_A_fixed_instances,True,0,0,0,0,0,0,True
LPT,small,test,170006,small_test_0006_seed_170006,211.66683244951523,138.03937375281336,28.80801259594175,0.5435744174247091,48.832147061166424,0.5416666666666666,17.0,0.0013346000341698527,all_eligible,env_inverse_processing_time,stage_A_fixed_instances,True,0,0,0,0,0,0,True
MinCandidateLoad,small,test,170006,small_test_0006_seed_170006,212.18307958172812,115.98695689500452,7.925698200644805,0.5395136696152485,53.019961779600685,0.5416666666666666,17.0,0.0011312999995425344,all_eligible,env_inverse_processing_time,stage_A_fixed_instances,True,0,0,0,0,0,0,True
GreedyECT,small,test,170006,small_test_0006_seed_170006,203.2434132225301,113.3742358566118,11.412627085501134,0.5378169403862687,55.53028011258503,0.5416666666666666,17.0,0.0017828999552875757,all_eligible,env_inverse_processing_time,stage_A_fixed_instances,True,0,0,0,0,0,0,True
Random,small,test,170007,small_test_0007_seed_170007,259.6249183589463,146.67308993207845,54.000177466991666,0.5096876473229737,56.60816323095463,0.5416666666666666,13.0,0.001051599974744022,all_eligible,env_inverse_processing_time,stage_A_fixed_instances,True,0,0,0,0,0,0,True
FIFO,small,test,170007,small_test_0007_seed_170007,202.73875245694586,117.16527851583946,17.97308619855062,0.6375502752467622,59.00913015591898,0.5416666666666666,13.0,0.001049600017722696,all_eligible,env_inverse_processing_time,stage_A_fixed_instances,True,0,0,0,0,0,0,True
SPT,small,test,170007,small_test_0007_seed_170007,273.9998987114963,141.32652582060848,48.740347471351384,0.478081528151155,57.98182328507112,0.5416666666666666,13.0,0.0011869999580085278,all_eligible,env_inverse_processing_time,stage_A_fixed_instances,True,0,0,0,0,0,0,True
LPT,small,test,170007,small_test_0007_seed_170007,239.9619183589463,147.8860319819705,52.503702990671606,0.5431725156727272,58.373666514824826,0.5416666666666666,13.0,0.0012499000295065343,all_eligible,env_inverse_processing_time,stage_A_fixed_instances,True,0,0,0,0,0,0,True
MinCandidateLoad,small,test,170007,small_test_0007_seed_170007,202.73875245694586,117.16527851583946,18.236398001468608,0.6375502752467622,59.00913015591898,0.5416666666666666,13.0,0.001212499977555126,all_eligible,env_inverse_processing_time,stage_A_fixed_instances,True,0,0,0,0,0,0,True
GreedyECT,small,test,170007,small_test_0007_seed_170007,205.28418144736395,108.74343607810182,19.530547219243093,0.6236393344417517,57.887885520184376,0.5416666666666666,13.0,0.0019703000434674323,all_eligible,env_inverse_processing_time,stage_A_fixed_instances,True,0,0,0,0,0,0,True
Random,small,test,170008,small_test_0008_seed_170008,235.29808132942324,133.43232131288968,26.547954784226743,0.5526115958444416,26.809905560342283,0.625,16.0,0.0010255000088363886,all_eligible,env_inverse_processing_time,stage_A_fixed_instances,True,0,0,0,0,0,0,True
FIFO,small,test,170008,small_test_0008_seed_170008,205.42583691806334,115.282804044324,13.072217964020888,0.6323368237802528,24.958071018091,0.625,16.0,0.0010241999989375472,all_eligible,env_inverse_processing_time,stage_A_fixed_instances,True,0,0,0,0,0,0,True
SPT,small,test,170008,small_test_0008_seed_170008,249.6999506098144,147.41514742575075,37.81591670455865,0.5297579035434734,25.135051524727803,0.625,16.0,0.0015492000384256244,all_eligible,env_inverse_processing_time,stage_A_fixed_instances,True,0,0,0,0,0,0,True
LPT,small,test,170008,small_test_0008_seed_170008,224.47279784319355,136.95922886093368,34.072556921428315,0.5876463050733846,30.66827513849469,0.625,16.0,0.0014833000022917986,all_eligible,env_inverse_processing_time,stage_A_fixed_instances,True,0,0,0,0,0,0,True
MinCandidateLoad,small,test,170008,small_test_0008_seed_170008,205.42583691806334,116.30478785596198,14.445451775658867,0.6323368237802528,24.958071018091,0.625,16.0,0.0012500000302679837,all_eligible,env_inverse_processing_time,stage_A_fixed_instances,True,0,0,0,0,0,0,True
GreedyECT,small,test,170008,small_test_0008_seed_170008,232.20602423476006,115.90619296277764,18.76775315009687,0.5545516205044658,36.03336540677119,0.625,16.0,0.001931200036779046,all_eligible,env_inverse_processing_time,stage_A_fixed_instances,True,0,0,0,0,0,0,True
Random,small,test,170009,small_test_0009_seed_170009,226.30042241811702,133.85588151122099,25.922994030966624,0.6225207409209017,27.977730842607997,0.75,19.0,0.0010274999658577144,all_eligible,env_inverse_processing_time,stage_A_fixed_instances,True,0,0,0,0,0,0,True
FIFO,small,test,170009,small_test_0009_seed_170009,203.57603301188215,116.4511610181293,7.09812607921517,0.6759675515534421,31.53448194359295,0.75,19.0,0.0010597000364214182,all_eligible,env_inverse_processing_time,stage_A_fixed_instances,True,0,0,0,0,0,0,True
SPT,small,test,170009,small_test_0009_seed_170009,275.31135275566817,129.8897452108902,24.919008175701773,0.5033483143112608,28.95898288601311,0.75,19.0,0.0011399999493733048,all_eligible,env_inverse_processing_time,stage_A_fixed_instances,True,0,0,0,0,0,0,True
LPT,small,test,170009,small_test_0009_seed_170009,235.8841717188817,157.4919787149519,34.726658472488566,0.5874811536124186,28.95898288601311,0.75,19.0,0.0012346000294201076,all_eligible,env_inverse_processing_time,stage_A_fixed_instances,True,0,0,0,0,0,0,True
MinCandidateLoad,small,test,170009,small_test_0009_seed_170009,203.57603301188215,121.74524554499969,13.709623928384806,0.680716208436138,28.95898288601311,0.75,19.0,0.0011757999891415238,all_eligible,env_inverse_processing_time,stage_A_fixed_instances,True,0,0,0,0,0,0,True
GreedyECT,small,test,170009,small_test_0009_seed_170009,246.0866966923557,115.6068825633969,15.636339882255422,0.5631247327991914,28.95898288601311,0.75,19.0,0.0018025999888777733,all_eligible,env_inverse_processing_time,stage_A_fixed_instances,True,0,0,0,0,0,0,True
Random,small,test,170010,small_test_0010_seed_170010,249.2378308322179,153.05568838285484,29.754527198470907,0.5702746315016456,38.42948073233828,0.4166666666666667,10.0,0.0010261000134050846,all_eligible,env_inverse_processing_time,stage_A_fixed_instances,True,0,0,0,0,0,0,True
FIFO,small,test,170010,small_test_0010_seed_170010,205.8872722406909,118.95714043849996,6.638891919774507,0.690291068523037,35.4286347827136,0.4166666666666667,10.0,0.0015255999751389027,all_eligible,env_inverse_processing_time,stage_A_fixed_instances,True,0,0,0,0,0,0,True
SPT,small,test,170010,small_test_0010_seed_170010,255.2973682219405,146.27777233283442,31.982157129812872,0.5503936650844694,36.322112744830996,0.4166666666666667,10.0,0.0020806000102311373,all_eligible,env_inverse_processing_time,stage_A_fixed_instances,True,0,0,0,0,0,0,True
LPT,small,test,170010,small_test_0010_seed_170010,259.1009889351812,163.34643155169715,45.92661946973826,0.5501555229489116,23.987209570864398,0.4166666666666667,10.0,0.0016642999835312366,all_eligible,env_inverse_processing_time,stage_A_fixed_instances,True,0,0,0,0,0,0,True
MinCandidateLoad,small,test,170010,small_test_0010_seed_170010,237.33100000000002,125.5594236902261,13.520013287422719,0.5981556108429564,34.32819846016412,0.4166666666666667,10.0,0.0011891000322066247,all_eligible,env_inverse_processing_time,stage_A_fixed_instances,True,0,0,0,0,0,0,True
GreedyECT,small,test,170010,small_test_0010_seed_170010,201.33627988206297,117.07769684406905,11.032727643763769,0.709192354397665,28.551632039282037,0.4166666666666667,10.0,0.001700200024060905,all_eligible,env_inverse_processing_time,stage_A_fixed_instances,True,0,0,0,0,0,0,True
Random,small,test,170011,small_test_0011_seed_170011,260.48602252617627,139.43465646407824,28.61774066397379,0.5481514761803176,47.8545817345157,0.375,10.0,0.001019699964672327,all_eligible,env_inverse_processing_time,stage_A_fixed_instances,True,0,0,0,0,0,0,True
FIFO,small,test,170011,small_test_0011_seed_170011,251.88402252617627,132.14266079936303,19.376935942087204,0.563204646097571,49.05543374665642,0.375,10.0,0.0010449999826960266,all_eligible,env_inverse_processing_time,stage_A_fixed_instances,True,0,0,0,0,0,0,True
SPT,small,test,170011,small_test_0011_seed_170011,303.2674260312311,142.87292921022978,29.968570660149194,0.48820870645308173,58.37724548109245,0.375,10.0,0.0011607000487856567,all_eligible,env_inverse_processing_time,stage_A_fixed_instances,True,0,0,0,0,0,0,True
LPT,small,test,170011,small_test_0011_seed_170011,256.79302252617623,162.03344672391754,49.25086317355167,0.5701425737156677,50.295658570975945,0.375,10.0,0.0012137999874539673,all_eligible,env_inverse_processing_time,stage_A_fixed_instances,True,0,0,0,0,0,0,True
MinCandidateLoad,small,test,170011,small_test_0011_seed_170011,251.88402252617627,140.23750832177308,27.869784858777724,0.5629532157993439,47.542844927057516,0.375,10.0,0.0012034000246785581,all_eligible,env_inverse_processing_time,stage_A_fixed_instances,True,0,0,0,0,0,0,True
GreedyECT,small,test,170011,small_test_0011_seed_170011,263.55402252617625,132.45405970569433,22.79801659264174,0.5479394068476287,53.651905288094824,0.375,10.0,0.001822899968829006,all_eligible,env_inverse_processing_time,stage_A_fixed_instances,True,0,0,0,0,0,0,True
Random,small,test,170012,small_test_0012_seed_170012,223.38965638973085,134.62074563094822,24.79237524827342,0.5715452557368086,61.64199557592478,0.625,19.0,0.0010498000192455947,all_eligible,env_inverse_processing_time,stage_A_fixed_instances,True,0,0,0,0,0,0,True
FIFO,small,test,170012,small_test_0012_seed_170012,217.64729215768628,126.015659531388,14.757178037663172,0.5826645535389803,62.68717123035958,0.625,19.0,0.0013699000119231641,all_eligible,env_inverse_processing_time,stage_A_fixed_instances,True,0,0,0,0,0,0,True
SPT,small,test,170012,small_test_0012_seed_170012,249.61347995667106,140.12521072689148,37.35170796848429,0.5145859271174325,63.51914371584054,0.625,19.0,0.0018396999803371727,all_eligible,env_inverse_processing_time,stage_A_fixed_instances,True,0,0,0,0,0,0,True
LPT,small,test,170012,small_test_0012_seed_170012,224.85966788994713,149.29467200265643,41.268279747431876,0.5579372467361058,64.36609727634874,0.625,19.0,0.0013167000142857432,all_eligible,env_inverse_processing_time,stage_A_fixed_instances,True,0,0,0,0,0,0,True
MinCandidateLoad,small,test,170012,small_test_0012_seed_170012,240.52866788994714,133.20022750764772,31.264568939487848,0.5226089773418776,62.83400054263089,0.625,19.0,0.001274299982469529,all_eligible,env_inverse_processing_time,stage_A_fixed_instances,True,0,0,0,0,0,0,True
GreedyECT,small,test,170012,small_test_0012_seed_170012,230.58774171404377,121.01447425246272,28.054061157754365,0.5521706832245726,63.316210517417694,0.625,19.0,0.0020693999831564724,all_eligible,env_inverse_processing_time,stage_A_fixed_instances,True,0,0,0,0,0,0,True
Random,small,test,170013,small_test_0013_seed_170013,223.78305149787914,133.5713245824478,17.41228629801144,0.5644402235671587,39.292187212025084,0.5,13.0,0.0010808000224642456,all_eligible,env_inverse_processing_time,stage_A_fixed_instances,True,0,0,0,0,0,0,True
FIFO,small,test,170013,small_test_0013_seed_170013,193.51772629587336,116.88471049080458,11.265552807488191,0.6493137835572783,39.722570104562394,0.5,13.0,0.0010944000096060336,all_eligible,env_inverse_processing_time,stage_A_fixed_instances,True,0,0,0,0,0,0,True
SPT,small,test,170013,small_test_0013_seed_170013,248.71829585704776,129.31313851494994,21.607829492440604,0.5103737866879958,39.63609649506928,0.5,13.0,0.0011715999571606517,all_eligible,env_inverse_processing_time,stage_A_fixed_instances,True,0,0,0,0,0,0,True
LPT,small,test,170013,small_test_0013_seed_170013,244.71423986265248,160.08893521215933,45.77650958601817,0.515102481996928,40.60183493093278,0.5,13.0,0.0012569999671541154,all_eligible,env_inverse_processing_time,stage_A_fixed_instances,True,0,0,0,0,0,0,True
MinCandidateLoad,small,test,170013,small_test_0013_seed_170013,193.51772629587336,118.544879775236,13.955481284013553,0.6486660768571383,40.31679818138171,0.5,13.0,0.0012021999573335052,all_eligible,env_inverse_processing_time,stage_A_fixed_instances,True,0,0,0,0,0,0,True
GreedyECT,small,test,170013,small_test_0013_seed_170013,220.75405149787915,116.79586053731389,13.010266988585306,0.5757482391212693,42.47532178610036,0.5,13.0,0.0018275000038556755,all_eligible,env_inverse_processing_time,stage_A_fixed_instances,True,0,0,0,0,0,0,True
Random,small,test,170014,small_test_0014_seed_170014,245.27162686484832,122.29272674479176,16.523337615372935,0.47656471932570443,67.92498150782664,0.625,19.0,0.0012418999685905874,all_eligible,env_inverse_processing_time,stage_A_fixed_instances,True,0,0,0,0,0,0,True
FIFO,small,test,170014,small_test_0014_seed_170014,223.19338382578067,115.16916244323755,10.120602440506643,0.5301825285251376,67.41447552496398,0.625,19.0,0.001103399961721152,all_eligible,env_inverse_processing_time,stage_A_fixed_instances,True,0,0,0,0,0,0,True
SPT,small,test,170014,small_test_0014_seed_170014,284.5803838257807,129.90470056140904,29.81216334652912,0.42760031286189676,70.59684656370219,0.625,19.0,0.0012374999932944775,all_eligible,env_inverse_processing_time,stage_A_fixed_instances,True,0,0,0,0,0,0,True
LPT,small,test,170014,small_test_0014_seed_170014,249.9162653601396,150.96982130492896,43.28225733769282,0.4796501551078949,66.70867059174466,0.625,19.0,0.0012703000102192163,all_eligible,env_inverse_processing_time,stage_A_fixed_instances,True,0,0,0,0,0,0,True
MinCandidateLoad,small,test,170014,small_test_0014_seed_170014,242.07436773736634,117.14156243822782,18.292803312688118,0.4850856582337754,66.31031702753482,0.625,19.0,0.0011760999914258718,all_eligible,env_inverse_processing_time,stage_A_fixed_instances,True,0,0,0,0,0,0,True
GreedyECT,small,test,170014,small_test_0014_seed_170014,249.16187369915997,114.00178767249606,19.99238335058317,0.46912395656703326,67.92498150782664,0.625,19.0,0.0018293000175617635,all_eligible,env_inverse_processing_time,stage_A_fixed_instances,True,0,0,0,0,0,0,True
Random,small,test,170015,small_test_0015_seed_170015,204.25744610113452,125.87545759064358,22.418789061812493,0.6291419170854602,23.194479780995284,0.5416666666666666,13.0,0.0010237999958917499,all_eligible,env_inverse_processing_time,stage_A_fixed_instances,True,0,0,0,0,0,0,True
FIFO,small,test,170015,small_test_0015_seed_170015,199.71544610113452,120.08577812525488,15.162448992023565,0.6328031111101478,22.265710761359205,0.5416666666666666,13.0,0.0010246000019833446,all_eligible,env_inverse_processing_time,stage_A_fixed_instances,True,0,0,0,0,0,0,True
SPT,small,test,170015,small_test_0015_seed_170015,228.09368892736887,134.73040974112016,32.71091384269098,0.5516395995904583,28.418601877545942,0.5416666666666666,13.0,0.0011338000185787678,all_eligible,env_inverse_processing_time,stage_A_fixed_instances,True,0,0,0,0,0,0,True
LPT,small,test,170015,small_test_0015_seed_170015,228.56117883065883,154.08931418160606,51.62003154060097,0.5584576708467363,13.99757377238953,0.5416666666666666,13.0,0.0012450999929569662,all_eligible,env_inverse_processing_time,stage_A_fixed_instances,True,0,0,0,0,0,0,True
MinCandidateLoad,small,test,170015,small_test_0015_seed_170015,199.71544610113452,121.69917522521375,16.833509450562445,0.6372792050535052,23.301162457658624,0.5416666666666666,13.0,0.0011146999895572662,all_eligible,env_inverse_processing_time,stage_A_fixed_instances,True,0,0,0,0,0,0,True
GreedyECT,small,test,170015,small_test_0015_seed_170015,199.71544610113452,119.61652520442509,17.47250850410657,0.6316152961264134,25.45029853194789,0.5416666666666666,13.0,0.0017338000470772386,all_eligible,env_inverse_processing_time,stage_A_fixed_instances,True,0,0,0,0,0,0,True
Random,small,test,170016,small_test_0016_seed_170016,243.83837636308047,135.94712856994911,19.931409921353726,0.47525596212649074,60.69822121189819,0.125,3.0,0.0009643000084906816,all_eligible,env_inverse_processing_time,stage_A_fixed_instances,True,0,0,0,0,0,0,True
FIFO,small,test,170016,small_test_0016_seed_170016,265.51037636308047,126.97827955482079,11.250810906225373,0.4355861482552545,65.80249506920389,0.125,3.0,0.000984499987680465,all_eligible,env_inverse_processing_time,stage_A_fixed_instances,True,0,0,0,0,0,0,True
SPT,small,test,170016,small_test_0016_seed_170016,289.08403338317135,134.56153588232996,17.290858900401204,0.40047845784215624,73.01577359187908,0.125,3.0,0.0010983999818563461,all_eligible,env_inverse_processing_time,stage_A_fixed_instances,True,0,0,0,0,0,0,True
LPT,small,test,170016,small_test_0016_seed_170016,243.83837636308047,148.82490317604075,33.07530952744536,0.49481282744375965,50.61831673600368,0.125,3.0,0.0011751000420190394,all_eligible,env_inverse_processing_time,stage_A_fixed_instances,True,0,0,0,0,0,0,True
MinCandidateLoad,small,test,170016,small_test_0016_seed_170016,265.51037636308047,126.29490455482079,11.145102572892043,0.42812666039756325,66.93947785116345,0.125,3.0,0.0010479999473318458,all_eligible,env_inverse_processing_time,stage_A_fixed_instances,True,0,0,0,0,0,0,True
GreedyECT,small,test,170016,small_test_0016_seed_170016,265.51037636308047,126.04980276994694,11.607167454684872,0.44488575790126833,57.71087293889074,0.125,3.0,0.0016540999640710652,all_eligible,env_inverse_processing_time,stage_A_fixed_instances,True,0,0,0,0,0,0,True
Random,small,test,170017,small_test_0017_seed_170017,211.45134772825418,130.85242439867747,30.580504743861827,0.5565333871842423,33.03146031383582,0.16666666666666666,4.0,0.0009286999702453613,all_eligible,env_inverse_processing_time,stage_A_fixed_instances,True,0,0,0,0,0,0,True
FIFO,small,test,170017,small_test_0017_seed_170017,223.386,110.71063300582375,8.988713351008146,0.5341945865843674,28.38715022434414,0.16666666666666666,4.0,0.0009267000132240355,all_eligible,env_inverse_processing_time,stage_A_fixed_instances,True,0,0,0,0,0,0,True
SPT,small,test,170017,small_test_0017_seed_170017,235.046,123.02797848084326,22.411392159361,0.5126608307864042,34.22349530557444,0.16666666666666666,4.0,0.0010201999684795737,all_eligible,env_inverse_processing_time,stage_A_fixed_instances,True,0,0,0,0,0,0,True
LPT,small,test,170017,small_test_0017_seed_170017,250.35830559114436,162.24598945809467,62.27752813661243,0.4704161567184745,38.27917564367103,0.16666666666666666,4.0,0.0011131999781355262,all_eligible,env_inverse_processing_time,stage_A_fixed_instances,True,0,0,0,0,0,0,True
MinCandidateLoad,small,test,170017,small_test_0017_seed_170017,207.18300000000002,111.77368708798956,11.360725766507315,0.5691739348658283,33.94617366239076,0.16666666666666666,4.0,0.0010060000349767506,all_eligible,env_inverse_processing_time,stage_A_fixed_instances,True,0,0,0,0,0,0,True
GreedyECT,small,test,170017,small_test_0017_seed_170017,223.196,107.83196140357722,9.67058083085086,0.5261322319465948,33.339421154826354,0.16666666666666666,4.0,0.0014505000435747206,all_eligible,env_inverse_processing_time,stage_A_fixed_instances,True,0,0,0,0,0,0,True
Random,small,test,170018,small_test_0018_seed_170018,285.16830795313575,140.4245764220298,43.034326184413224,0.4607571383759878,55.50561407314606,0.5,14.0,0.0009650999563746154,all_eligible,env_inverse_processing_time,stage_A_fixed_instances,True,0,0,0,0,0,0,True
FIFO,small,test,170018,small_test_0018_seed_170018,238.08420868795645,111.32830073325788,17.092599150983904,0.5680593817996547,56.42915213364542,0.5,14.0,0.0009605000377632678,all_eligible,env_inverse_processing_time,stage_A_fixed_instances,True,0,0,0,0,0,0,True
SPT,small,test,170018,small_test_0018_seed_170018,300.11066467078933,127.3109009642432,37.93207665833655,0.4456461930342522,58.34469610466114,0.5,14.0,0.0010378000442869961,all_eligible,env_inverse_processing_time,stage_A_fixed_instances,True,0,0,0,0,0,0,True
LPT,small,test,170018,small_test_0018_seed_170018,280.99232617249544,153.73657079324136,53.57440478445219,0.46671144124947983,56.78673926964081,0.5,14.0,0.0012076999992132187,all_eligible,env_inverse_processing_time,stage_A_fixed_instances,True,0,0,0,0,0,0,True
MinCandidateLoad,small,test,170018,small_test_0018_seed_170018,238.08420868795645,110.4271293870962,18.918734339044672,0.5652918395037922,58.00626121556345,0.5,14.0,0.0010680999839678407,all_eligible,env_inverse_processing_time,stage_A_fixed_instances,True,0,0,0,0,0,0,True
GreedyECT,small,test,170018,small_test_0018_seed_170018,238.08420868795645,112.31341260785523,27.121785279670718,0.5622390006661636,55.88036058338389,0.5,14.0,0.001756999990902841,all_eligible,env_inverse_processing_time,stage_A_fixed_instances,True,0,0,0,0,0,0,True
Random,small,test,170019,small_test_0019_seed_170019,243.09127116041876,157.12966175160923,36.795328301346224,0.5236204263578877,60.2159209176038,0.375,11.0,0.0009380999836139381,all_eligible,env_inverse_processing_time,stage_A_fixed_instances,True,0,0,0,0,0,0,True
FIFO,small,test,170019,small_test_0019_seed_170019,220.02128668493577,130.23403635872208,11.296602426940481,0.5671073475416367,56.76098534123457,0.375,11.0,0.0008998999837785959,all_eligible,env_inverse_processing_time,stage_A_fixed_instances,True,0,0,0,0,0,0,True
SPT,small,test,170019,small_test_0019_seed_170019,239.8781328192225,143.37056344255052,22.257183652995106,0.5241954730992063,49.90205365429095,0.375,11.0,0.0010565000120550394,all_eligible,env_inverse_processing_time,stage_A_fixed_instances,True,0,0,0,0,0,0,True
LPT,small,test,170019,small_test_0019_seed_170019,241.90427116041874,157.06896898810743,32.228497524247466,0.5158060570656356,56.76098534123457,0.375,11.0,0.0010174000053666532,all_eligible,env_inverse_processing_time,stage_A_fixed_instances,True,0,0,0,0,0,0,True
MinCandidateLoad,small,test,170019,small_test_0019_seed_170019,212.50327116041876,130.8627030979338,12.223117995010057,0.5899175645965594,58.7278130500949,0.375,11.0,0.0009884000173769891,all_eligible,env_inverse_processing_time,stage_A_fixed_instances,True,0,0,0,0,0,0,True
GreedyECT,small,test,170019,small_test_0019_seed_170019,228.52087972338938,131.85259148597686,18.12299387143801,0.5496851998359968,56.34548711996986,0.375,11.0,0.0014970999909564853,all_eligible,env_inverse_processing_time,stage_A_fixed_instances,True,0,0,0,0,0,0,True
Random,small,test,170020,small_test_0020_seed_170020,244.82001807069008,131.57818917316453,29.949111124628008,0.5477865727385047,40.156455726782006,0.5416666666666666,16.0,0.0009321999968960881,all_eligible,env_inverse_processing_time,stage_A_fixed_instances,True,0,0,0,0,0,0,True
FIFO,small,test,170020,small_test_0020_seed_170020,221.36239205840303,116.60425228230334,11.264308615075635,0.6102816431228549,39.37185483262573,0.5416666666666666,16.0,0.0009094000561162829,all_eligible,env_inverse_processing_time,stage_A_fixed_instances,True,0,0,0,0,0,0,True
SPT,small,test,170020,small_test_0020_seed_170020,255.71602433090428,138.96562740140797,37.251540100675165,0.526214763272027,37.96873024955226,0.5416666666666666,16.0,0.001026799960527569,all_eligible,env_inverse_processing_time,stage_A_fixed_instances,True,0,0,0,0,0,0,True
LPT,small,test,170020,small_test_0020_seed_170020,215.35965034319133,133.0348347708074,22.5549661131105,0.6349795588990779,28.751096473275815,0.5416666666666666,16.0,0.0010034000151790679,all_eligible,env_inverse_processing_time,stage_A_fixed_instances,True,0,0,0,0,0,0,True
MinCandidateLoad,small,test,170020,small_test_0020_seed_170020,221.36239205840303,118.41692875912095,12.504920053881392,0.616054336175973,30.22154471105351,0.5416666666666666,16.0,0.0009764999849721789,all_eligible,env_inverse_processing_time,stage_A_fixed_instances,True,0,0,0,0,0,0,True
GreedyECT,small,test,170020,small_test_0020_seed_170020,228.75165034319133,118.59565206934475,19.797472054210488,0.5911625299670012,31.397896849712293,0.5416666666666666,16.0,0.0015875000390224159,all_eligible,env_inverse_processing_time,stage_A_fixed_instances,True,0,0,0,0,0,0,True
Random,small,test,170021,small_test_0021_seed_170021,204.39635560482157,131.02262116885404,29.32521043369685,0.6639421211533735,19.953273098562008,0.375,12.0,0.0009277999633923173,all_eligible,env_inverse_processing_time,stage_A_fixed_instances,True,0,0,0,0,0,0,True
FIFO,small,test,170021,small_test_0021_seed_170021,201.31635560482152,115.23678964697844,11.286297759903896,0.6710344354947491,28.16716982889863,0.375,12.0,0.0009889999637380242,all_eligible,env_inverse_processing_time,stage_A_fixed_instances,True,0,0,0,0,0,0,True
SPT,small,test,170021,small_test_0021_seed_170021,244.17135560482154,131.8746561117764,32.46920969303558,0.555942975211151,26.03925434348082,0.375,12.0,0.0010579000227153301,all_eligible,env_inverse_processing_time,stage_A_fixed_instances,True,0,0,0,0,0,0,True
LPT,small,test,170021,small_test_0021_seed_170021,229.02535560482158,162.5530887588068,51.01671881461025,0.594121022575757,42.051384610668975,0.375,12.0,0.0011127999750897288,all_eligible,env_inverse_processing_time,stage_A_fixed_instances,True,0,0,0,0,0,0,True
MinCandidateLoad,small,test,170021,small_test_0021_seed_170021,201.31635560482152,115.16292327980933,13.708173690003271,0.6747684305964181,23.384425469367383,0.375,12.0,0.0010377000435255468,all_eligible,env_inverse_processing_time,stage_A_fixed_instances,True,0,0,0,0,0,0,True
GreedyECT,small,test,170021,small_test_0021_seed_170021,239.64707728219727,118.82739335711587,21.228883526877993,0.5608297358071969,24.403118471275917,0.375,12.0,0.0016532999579794705,all_eligible,env_inverse_processing_time,stage_A_fixed_instances,True,0,0,0,0,0,0,True
Random,small,test,170022,small_test_0022_seed_170022,271.7126382274651,168.49097935816636,54.24156907077863,0.5275531505682547,49.268522152732565,0.7083333333333334,19.0,0.0009034000104293227,all_eligible,env_inverse_processing_time,stage_A_fixed_instances,True,0,0,0,0,0,0,True
FIFO,small,test,170022,small_test_0022_seed_170022,246.80797847975145,133.6695723377764,17.631057850139555,0.5801908261341634,51.789948458023744,0.7083333333333334,19.0,0.000977099989540875,all_eligible,env_inverse_processing_time,stage_A_fixed_instances,True,0,0,0,0,0,0,True
SPT,small,test,170022,small_test_0022_seed_170022,254.66857567632042,144.4307292549826,32.8887073352549,0.5588854791326432,48.510039575889884,0.7083333333333334,19.0,0.0010160999954678118,all_eligible,env_inverse_processing_time,stage_A_fixed_instances,True,0,0,0,0,0,0,True
LPT,small,test,170022,small_test_0022_seed_170022,249.93158842224184,164.17106041516007,51.193196395045476,0.5649411336712115,49.52236473197403,0.7083333333333334,19.0,0.0010637000086717308,all_eligible,env_inverse_processing_time,stage_A_fixed_instances,True,0,0,0,0,0,0,True
MinCandidateLoad,small,test,170022,small_test_0022_seed_170022,243.96446024712148,141.80531075126018,28.93082705413852,0.5760080073233622,48.768704289340086,0.7083333333333334,19.0,0.0010335000115446746,all_eligible,env_inverse_processing_time,stage_A_fixed_instances,True,0,0,0,0,0,0,True
GreedyECT,small,test,170022,small_test_0022_seed_170022,247.76862432530467,131.17012640737258,25.229821149659614,0.5663480741547274,50.518449792103475,0.7083333333333334,19.0,0.001686299976427108,all_eligible,env_inverse_processing_time,stage_A_fixed_instances,True,0,0,0,0,0,0,True
Random,small,test,170023,small_test_0023_seed_170023,250.1694894347529,129.9532726809067,27.472566912434406,0.5311459464440274,61.42795556786432,0.5416666666666666,15.0,0.0008744000224396586,all_eligible,env_inverse_processing_time,stage_A_fixed_instances,True,0,0,0,0,0,0,True
FIFO,small,test,170023,small_test_0023_seed_170023,245.36255891948977,119.79490997920526,18.81520622013377,0.5403208656653369,62.729632274776385,0.5416666666666666,15.0,0.0009545999928377569,all_eligible,env_inverse_processing_time,stage_A_fixed_instances,True,0,0,0,0,0,0,True
SPT,small,test,170023,small_test_0023_seed_170023,321.0177051115153,135.71785873516504,37.88295080402878,0.40787317382309746,66.85173089630179,0.5416666666666666,15.0,0.0010875999578274786,all_eligible,env_inverse_processing_time,stage_A_fixed_instances,True,0,0,0,0,0,0,True
LPT,small,test,170023,small_test_0023_seed_170023,284.4023248331707,156.39293926353542,52.77043088788064,0.4729801459017282,60.6456874454829,0.5416666666666666,15.0,0.0011235999991185963,all_eligible,env_inverse_processing_time,stage_A_fixed_instances,True,0,0,0,0,0,0,True
MinCandidateLoad,small,test,170023,small_test_0023_seed_170023,245.36255891948977,121.09360321543546,18.416379112237404,0.5401723973269359,63.672414673745834,0.5416666666666666,15.0,0.0010710000060498714,all_eligible,env_inverse_processing_time,stage_A_fixed_instances,True,0,0,0,0,0,0,True
GreedyECT,small,test,170023,small_test_0023_seed_170023,263.0314720234316,113.18664406312864,19.522451074649286,0.5003255555988169,62.653632204427055,0.5416666666666666,15.0,0.0016037000459618866,all_eligible,env_inverse_processing_time,stage_A_fixed_instances,True,0,0,0,0,0,0,True
Random,small,test,170024,small_test_0024_seed_170024,282.5280728223639,155.03207265232814,50.388705020946254,0.35212323988192984,74.29541570116153,0.5416666666666666,14.0,0.0009411000064574182,all_eligible,env_inverse_processing_time,stage_A_fixed_instances,True,0,0,0,0,0,0,True
FIFO,small,test,170024,small_test_0024_seed_170024,227.49975292184422,129.18421035859177,23.92357888993263,0.43461391158799784,73.34754689697714,0.5416666666666666,14.0,0.0009563000057823956,all_eligible,env_inverse_processing_time,stage_A_fixed_instances,True,0,0,0,0,0,0,True
SPT,small,test,170024,small_test_0024_seed_170024,251.82616026445206,134.07958293323912,33.84724482453753,0.39626026245651663,70.943438466008,0.5416666666666666,14.0,0.0010507999686524272,all_eligible,env_inverse_processing_time,stage_A_fixed_instances,True,0,0,0,0,0,0,True
LPT,small,test,170024,small_test_0024_seed_170024,241.6845132727894,146.06962027095122,43.51672578930811,0.40894806749146645,73.37263875271093,0.5416666666666666,14.0,0.0011608999921008945,all_eligible,env_inverse_processing_time,stage_A_fixed_instances,True,0,0,0,0,0,0,True
MinCandidateLoad,small,test,170024,small_test_0024_seed_170024,227.49975292184422,131.69331256610795,31.955020259860905,0.43461391158799784,73.34754689697714,0.5416666666666666,14.0,0.0014951999764889479,all_eligible,env_inverse_processing_time,stage_A_fixed_instances,True,0,0,0,0,0,0,True
GreedyECT,small,test,170024,small_test_0024_seed_170024,228.5447529218442,118.04633506903434,21.932791816178625,0.43662652099448324,70.943438466008,0.5416666666666666,14.0,0.002204099961090833,all_eligible,env_inverse_processing_time,stage_A_fixed_instances,True,0,0,0,0,0,0,True
Random,small,test,170025,small_test_0025_seed_170025,232.38611813320202,156.55277950940487,43.28785347771804,0.5706013557703767,44.898127657427985,0.4583333333333333,14.0,0.0012420000275596976,all_eligible,env_inverse_processing_time,stage_A_fixed_instances,True,0,0,0,0,0,0,True
FIFO,small,test,170025,small_test_0025_seed_170025,212.67078970911948,121.66056828098031,6.313207412119977,0.6154581091451354,42.63593939901538,0.4583333333333333,14.0,0.00122969999210909,all_eligible,env_inverse_processing_time,stage_A_fixed_instances,True,0,0,0,0,0,0,True
SPT,small,test,170025,small_test_0025_seed_170025,244.4514458180375,138.51682551966493,25.829691430411543,0.5409557102641359,44.933305407262495,0.4583333333333333,14.0,0.001256300020031631,all_eligible,env_inverse_processing_time,stage_A_fixed_instances,True,0,0,0,0,0,0,True
LPT,small,test,170025,small_test_0025_seed_170025,228.57422939032136,151.71814971728733,41.970829131863184,0.5696641037822192,38.07343030428798,0.4583333333333333,14.0,0.0011272000265307724,all_eligible,env_inverse_processing_time,stage_A_fixed_instances,True,0,0,0,0,0,0,True
MinCandidateLoad,small,test,170025,small_test_0025_seed_170025,230.07452496318365,128.6352079049449,18.099715570188312,0.568140033650623,42.75338581262092,0.4583333333333333,14.0,0.0010602000402286649,all_eligible,env_inverse_processing_time,stage_A_fixed_instances,True,0,0,0,0,0,0,True
GreedyECT,small,test,170025,small_test_0025_seed_170025,209.9307897091195,118.95742232696925,13.962869489616386,0.6160689160852604,45.20934237691682,0.4583333333333333,14.0,0.001573299989104271,all_eligible,env_inverse_processing_time,stage_A_fixed_instances,True,0,0,0,0,0,0,True
Random,small,test,170026,small_test_0026_seed_170026,189.96584578318001,120.99471174659669,13.012910211806945,0.5650959305392526,32.93724535510075,0.6666666666666666,17.0,0.0009088999941013753,all_eligible,env_inverse_processing_time,stage_A_fixed_instances,True,0,0,0,0,0,0,True
FIFO,small,test,170026,small_test_0026_seed_170026,178.94984578318002,110.44811628847789,8.051638413698074,0.6053451785775951,29.977676624709545,0.6666666666666666,17.0,0.0009129000245593488,all_eligible,env_inverse_processing_time,stage_A_fixed_instances,True,0,0,0,0,0,0,True
SPT,small,test,170026,small_test_0026_seed_170026,206.56798472513017,127.31881457903292,23.916715366632882,0.516088631637952,34.360389542863935,0.6666666666666666,17.0,0.0010277999681420624,all_eligible,env_inverse_processing_time,stage_A_fixed_instances,True,0,0,0,0,0,0,True
LPT,small,test,170026,small_test_0026_seed_170026,203.92947783394766,134.15658036561967,22.485118104835962,0.5270991579698248,29.412185688579815,0.6666666666666666,17.0,0.001095699961297214,all_eligible,env_inverse_processing_time,stage_A_fixed_instances,True,0,0,0,0,0,0,True
MinCandidateLoad,small,test,170026,small_test_0026_seed_170026,189.96584578318001,110.55125670050046,8.367682990081308,0.5650460616811331,31.37933493451958,0.6666666666666666,17.0,0.0009678000351414084,all_eligible,env_inverse_processing_time,stage_A_fixed_instances,True,0,0,0,0,0,0,True
GreedyECT,small,test,170026,small_test_0026_seed_170026,179.00084578318,108.57280731765287,8.685905201566788,0.5990785615565597,29.382280165591578,0.6666666666666666,17.0,0.0014417000347748399,all_eligible,env_inverse_processing_time,stage_A_fixed_instances,True,0,0,0,0,0,0,True
Random,small,test,170027,small_test_0027_seed_170027,201.8134270899855,113.2588680827886,21.238022022126945,0.6040706448358909,33.81238948176947,0.5,12.0,0.0009017999982461333,all_eligible,env_inverse_processing_time,stage_A_fixed_instances,True,0,0,0,0,0,0,True
FIFO,small,test,170027,small_test_0027_seed_170027,193.256,105.79741744519629,8.895918577170194,0.6483258100813135,29.24048203016411,0.5,12.0,0.000888400012627244,all_eligible,env_inverse_processing_time,stage_A_fixed_instances,True,0,0,0,0,0,0,True
SPT,small,test,170027,small_test_0027_seed_170027,222.02373814626526,119.73292787607322,26.193687634964295,0.558978668819925,43.253586928891835,0.5,12.0,0.0010297999833710492,all_eligible,env_inverse_processing_time,stage_A_fixed_instances,True,0,0,0,0,0,0,True
LPT,small,test,170027,small_test_0027_seed_170027,212.2344673458793,147.31353168847815,41.29573714108681,0.5824337344511223,33.36297113569016,0.5,12.0,0.0010585000272840261,all_eligible,env_inverse_processing_time,stage_A_fixed_instances,True,0,0,0,0,0,0,True
MinCandidateLoad,small,test,170027,small_test_0027_seed_170027,193.256,106.5150801068561,12.851928303295963,0.6430039457422405,27.147406486605547,0.5,12.0,0.0010553000029176474,all_eligible,env_inverse_processing_time,stage_A_fixed_instances,True,0,0,0,0,0,0,True
GreedyECT,small,test,170027,small_test_0027_seed_170027,193.256,102.77070975997826,13.787969128006042,0.6326262538276104,30.97897834618693,0.5,12.0,0.0015300000086426735,all_eligible,env_inverse_processing_time,stage_A_fixed_instances,True,0,0,0,0,0,0,True
Random,small,test,170028,small_test_0028_seed_170028,236.46908974470546,145.4596863749222,31.012518971464186,0.5731075992850421,30.442816818509176,0.625,18.0,0.0009751999750733376,all_eligible,env_inverse_processing_time,stage_A_fixed_instances,True,0,0,0,0,0,0,True
FIFO,small,test,170028,small_test_0028_seed_170028,227.55060165460674,135.95497189855269,15.004252479456204,0.5977481299780512,30.860844943094193,0.625,18.0,0.0009497000137344003,all_eligible,env_inverse_processing_time,stage_A_fixed_instances,True,0,0,0,0,0,0,True
SPT,small,test,170028,small_test_0028_seed_170028,224.20206719026595,142.62594819253857,31.616709049893686,0.5999005642543027,29.77563302927388,0.625,18.0,0.0010430000256747007,all_eligible,env_inverse_processing_time,stage_A_fixed_instances,True,0,0,0,0,0,0,True
LPT,small,test,170028,small_test_0028_seed_170028,242.93610683422318,160.7076242000057,48.44451955228391,0.5518221222441518,28.999013720876338,0.625,18.0,0.0010715000098571181,all_eligible,env_inverse_processing_time,stage_A_fixed_instances,True,0,0,0,0,0,0,True
MinCandidateLoad,small,test,170028,small_test_0028_seed_170028,229.5596355817938,139.1504271866376,26.25599985952809,0.589100968968449,28.818168391634998,0.625,18.0,0.0010482000070624053,all_eligible,env_inverse_processing_time,stage_A_fixed_instances,True,0,0,0,0,0,0,True
GreedyECT,small,test,170028,small_test_0028_seed_170028,226.96609630990702,133.49074550260366,30.413747121933046,0.5929234376011909,28.345022150541293,0.625,18.0,0.0017293000128120184,all_eligible,env_inverse_processing_time,stage_A_fixed_instances,True,0,0,0,0,0,0,True
Random,small,test,170029,small_test_0029_seed_170029,258.34876381019666,136.67714446548794,22.04357459305533,0.4980469321519304,61.051935691204065,0.5,12.0,0.0008646000060252845,all_eligible,env_inverse_processing_time,stage_A_fixed_instances,True,0,0,0,0,0,0,True
FIFO,small,test,170029,small_test_0029_seed_170029,241.0527638101966,127.11511837712607,17.770667029493065,0.5326857848043142,60.89255800405688,0.5,12.0,0.0008767000399529934,all_eligible,env_inverse_processing_time,stage_A_fixed_instances,True,0,0,0,0,0,0,True
SPT,small,test,170029,small_test_0029_seed_170029,344.3447638101966,147.25604278172958,39.06442476742989,0.36999490810070346,64.36126798831106,0.5,12.0,0.0009722000104375184,all_eligible,env_inverse_processing_time,stage_A_fixed_instances,True,0,0,0,0,0,0,True
LPT,small,test,170029,small_test_0029_seed_170029,261.4837638101966,170.35411793558856,48.03755259223724,0.4928138074930338,59.3744251672499,0.5,12.0,0.0010576999629847705,all_eligible,env_inverse_processing_time,stage_A_fixed_instances,True,0,0,0,0,0,0,True
MinCandidateLoad,small,test,170029,small_test_0029_seed_170029,241.0527638101966,128.59040356859234,17.770667029493065,0.5326857848043142,60.89255800405688,0.5,12.0,0.0009887000196613371,all_eligible,env_inverse_processing_time,stage_A_fixed_instances,True,0,0,0,0,0,0,True
GreedyECT,small,test,170029,small_test_0029_seed_170029,281.41476381019663,127.52274108678193,20.214748072482234,0.45937769800507233,61.852775132353294,0.5,12.0,0.0014631000231020153,all_eligible,env_inverse_processing_time,stage_A_fixed_instances,True,0,0,0,0,0,0,True
Random,small,test,170030,small_test_0030_seed_170030,298.48359126100775,170.1470759581368,50.524994548397906,0.4501547429349201,90.76083187683498,0.5416666666666666,14.0,0.0009145999792963266,all_eligible,env_inverse_processing_time,stage_A_fixed_instances,True,0,0,0,0,0,0,True
FIFO,small,test,170030,small_test_0030_seed_170030,299.01261755331507,149.69163978513149,29.993068330774147,0.4589386501909226,92.34159639173659,0.5416666666666666,14.0,0.0009750000317580998,all_eligible,env_inverse_processing_time,stage_A_fixed_instances,True,0,0,0,0,0,0,True
SPT,small,test,170030,small_test_0030_seed_170030,308.64626487733693,148.17373343294705,33.462309766644076,0.4419169581486797,90.80214134222514,0.5416666666666666,14.0,0.0011775000020861626,all_eligible,env_inverse_processing_time,stage_A_fixed_instances,True,0,0,0,0,0,0,True
LPT,small,test,170030,small_test_0030_seed_170030,301.30549085029094,184.34738283998766,62.999815615349654,0.4536243869781207,92.9835122401716,0.5416666666666666,14.0,0.0011460999958217144,all_eligible,env_inverse_processing_time,stage_A_fixed_instances,True,0,0,0,0,0,0,True
MinCandidateLoad,small,test,170030,small_test_0030_seed_170030,299.01261755331507,149.6916397851315,29.993068330774147,0.4589386501909226,92.34159639173659,0.5416666666666666,14.0,0.001032400003168732,all_eligible,env_inverse_processing_time,stage_A_fixed_instances,True,0,0,0,0,0,0,True
GreedyECT,small,test,170030,small_test_0030_seed_170030,317.3401381743129,144.22636791414854,31.268633702566643,0.42513604985623343,96.19036312587306,0.5416666666666666,14.0,0.001665899995714426,all_eligible,env_inverse_processing_time,stage_A_fixed_instances,True,0,0,0,0,0,0,True
Random,small,test,170031,small_test_0031_seed_170031,298.18431944826744,179.1780318040644,58.57998312495392,0.4540541464624162,74.47269564016837,0.625,17.0,0.0009432999650016427,all_eligible,env_inverse_processing_time,stage_A_fixed_instances,True,0,0,0,0,0,0,True
FIFO,small,test,170031,small_test_0031_seed_170031,271.2530824408883,144.84404987180721,30.138601856153638,0.501196562068458,78.04372037436976,0.625,17.0,0.0009486000053584576,all_eligible,env_inverse_processing_time,stage_A_fixed_instances,True,0,0,0,0,0,0,True
SPT,small,test,170031,small_test_0031_seed_170031,332.5806975390338,156.33521256270154,49.24872359901337,0.4127122772720212,76.19411730609261,0.625,17.0,0.0010579999652691185,all_eligible,env_inverse_processing_time,stage_A_fixed_instances,True,0,0,0,0,0,0,True
LPT,small,test,170031,small_test_0031_seed_170031,271.25308244088836,172.5485296266602,52.82340153155951,0.5003401245016325,76.36390522722503,0.625,17.0,0.001150699972640723,all_eligible,env_inverse_processing_time,stage_A_fixed_instances,True,0,0,0,0,0,0,True
MinCandidateLoad,small,test,170031,small_test_0031_seed_170031,271.2530824408883,144.8440498718072,30.138601856153638,0.501196562068458,78.04372037436976,0.625,17.0,0.0010920999920926988,all_eligible,env_inverse_processing_time,stage_A_fixed_instances,True,0,0,0,0,0,0,True
GreedyECT,small,test,170031,small_test_0031_seed_170031,276.1420824408883,138.4957873463925,30.76761160147358,0.4857431937660752,78.17687330197117,0.625,17.0,0.001861100026872009,all_eligible,env_inverse_processing_time,stage_A_fixed_instances,True,0,0,0,0,0,0,True
Random,small,test,170032,small_test_0032_seed_170032,226.14506312290823,148.39214644671122,29.936182438947082,0.546041389737353,41.05386171299259,0.5,13.0,0.0009224999812431633,all_eligible,env_inverse_processing_time,stage_A_fixed_instances,True,0,0,0,0,0,0,True
FIFO,small,test,170032,small_test_0032_seed_170032,207.32856511708346,133.8741407282463,15.931928725124877,0.5905946240900127,41.695485185919395,0.5,13.0,0.0009547999943606555,all_eligible,env_inverse_processing_time,stage_A_fixed_instances,True,0,0,0,0,0,0,True
SPT,small,test,170032,small_test_0032_seed_170032,223.56485213698136,139.0674035215591,22.532349324074307,0.551547341296684,47.3512726732139,0.5,13.0,0.0011055999784730375,all_eligible,env_inverse_processing_time,stage_A_fixed_instances,True,0,0,0,0,0,0,True
LPT,small,test,170032,small_test_0032_seed_170032,207.32856511708349,143.59126358198077,24.17926565219089,0.5949555420206041,40.533394612549685,0.5,13.0,0.0011887000291608274,all_eligible,env_inverse_processing_time,stage_A_fixed_instances,True,0,0,0,0,0,0,True
MinCandidateLoad,small,test,170032,small_test_0032_seed_170032,207.32856511708346,135.88842150767792,19.061190538900927,0.5849210898443991,44.82616018802555,0.5,13.0,0.0011203999747522175,all_eligible,env_inverse_processing_time,stage_A_fixed_instances,True,0,0,0,0,0,0,True
GreedyECT,small,test,170032,small_test_0032_seed_170032,211.1505651170835,131.17793780172804,18.483330405584876,0.5839015202733671,40.858290709629074,0.5,13.0,0.0016483000363223255,all_eligible,env_inverse_processing_time,stage_A_fixed_instances,True,0,0,0,0,0,0,True
Random,small,test,170033,small_test_0033_seed_170033,221.49455431518427,135.0220612792727,26.78778329604948,0.5905092339809493,24.509716287402544,0.6666666666666666,18.0,0.0009214000310748816,all_eligible,env_inverse_processing_time,stage_A_fixed_instances,True,0,0,0,0,0,0,True
FIFO,small,test,170033,small_test_0033_seed_170033,183.14042851915428,111.05547755874994,8.428219847587403,0.7179705639310339,21.18771403482339,0.6666666666666666,18.0,0.0008986999746412039,all_eligible,env_inverse_processing_time,stage_A_fixed_instances,True,0,0,0,0,0,0,True
SPT,small,test,170033,small_test_0033_seed_170033,250.64355431518433,135.90754066656464,30.276789376298733,0.5293579218132908,19.170259547040637,0.6666666666666666,18.0,0.0010927999974228442,all_eligible,env_inverse_processing_time,stage_A_fixed_instances,True,0,0,0,0,0,0,True
LPT,small,test,170033,small_test_0033_seed_170033,221.49455431518427,140.32401993735155,42.166869800675535,0.5863691773423779,21.00836222668534,0.6666666666666666,18.0,0.0011293000425212085,all_eligible,env_inverse_processing_time,stage_A_fixed_instances,True,0,0,0,0,0,0,True
MinCandidateLoad,small,test,170033,small_test_0033_seed_170033,224.53997880100178,121.90972687756943,20.799006151912238,0.5840296630973707,14.91903668872539,0.6666666666666666,18.0,0.0010529999854043126,all_eligible,env_inverse_processing_time,stage_A_fixed_instances,True,0,0,0,0,0,0,True
GreedyECT,small,test,170033,small_test_0033_seed_170033,207.10142851915427,108.62094695441255,10.084457829725286,0.641699413973891,16.907990370912454,0.6666666666666666,18.0,0.0015181000344455242,all_eligible,env_inverse_processing_time,stage_A_fixed_instances,True,0,0,0,0,0,0,True
Random,small,test,170034,small_test_0034_seed_170034,223.44109348771752,131.53447841366884,28.34505833120482,0.4716096826073791,58.21394407675108,0.5833333333333334,16.0,0.0008933999924920499,all_eligible,env_inverse_processing_time,stage_A_fixed_instances,True,0,0,0,0,0,0,True
FIFO,small,test,170034,small_test_0034_seed_170034,202.95946761680918,119.30761650670354,15.11380585462076,0.5312375851835984,60.20379001972953,0.5833333333333334,16.0,0.0009417000110261142,all_eligible,env_inverse_processing_time,stage_A_fixed_instances,True,0,0,0,0,0,0,True
SPT,small,test,170034,small_test_0034_seed_170034,226.77543020405943,124.12754495627617,20.034000396643922,0.4679909116633462,60.00475804280426,0.5833333333333334,16.0,0.0010042000212706625,all_eligible,env_inverse_processing_time,stage_A_fixed_instances,True,0,0,0,0,0,0,True
LPT,small,test,170034,small_test_0034_seed_170034,242.23164803133218,159.13528786499205,48.44168382306992,0.43877060203373347,58.856777016790474,0.5833333333333334,16.0,0.0010996999917551875,all_eligible,env_inverse_processing_time,stage_A_fixed_instances,True,0,0,0,0,0,0,True
MinCandidateLoad,small,test,170034,small_test_0034_seed_170034,202.95946761680918,119.30761650670354,15.113805854620757,0.5312375851835984,60.20379001972953,0.5833333333333334,16.0,0.0010121000232174993,all_eligible,env_inverse_processing_time,stage_A_fixed_instances,True,0,0,0,0,0,0,True
GreedyECT,small,test,170034,small_test_0034_seed_170034,210.90343020405942,115.4087638438889,16.794153410414722,0.5004490047909388,57.329754839366785,0.5833333333333334,16.0,0.0016888999962247908,all_eligible,env_inverse_processing_time,stage_A_fixed_instances,True,0,0,0,0,0,0,True
Random,small,test,170035,small_test_0035_seed_170035,201.08842199610137,117.25417530138775,18.227793623176876,0.5193730397114957,44.07445229930303,0.7083333333333334,19.0,0.0010013999999500811,all_eligible,env_inverse_processing_time,stage_A_fixed_instances,True,0,0,0,0,0,0,True
FIFO,small,test,170035,small_test_0035_seed_170035,164.45109936692128,100.74317216587548,9.54221361338523,0.6326481524449012,46.12313774759583,0.7083333333333334,19.0,0.0009106000070460141,all_eligible,env_inverse_processing_time,stage_A_fixed_instances,True,0,0,0,0,0,0,True
SPT,small,test,170035,small_test_0035_seed_170035,218.75269243225523,114.03828659756458,23.903392139007575,0.4821313975714133,44.64782904521046,0.7083333333333334,19.0,0.0010284000309184194,all_eligible,env_inverse_processing_time,stage_A_fixed_instances,True,0,0,0,0,0,0,True
LPT,small,test,170035,small_test_0035_seed_170035,209.34681971240596,135.92556462387054,46.424523290178435,0.5030761805333924,41.64329582093662,0.7083333333333334,19.0,0.0010782000026665628,all_eligible,env_inverse_processing_time,stage_A_fixed_instances,True,0,0,0,0,0,0,True
MinCandidateLoad,small,test,170035,small_test_0035_seed_170035,164.45109936692128,98.7705582372564,9.54221361338523,0.6394586876393245,43.65916364104413,0.7083333333333334,19.0,0.001006700040306896,all_eligible,env_inverse_processing_time,stage_A_fixed_instances,True,0,0,0,0,0,0,True
GreedyECT,small,test,170035,small_test_0035_seed_170035,202.00269243225523,97.63365572531573,11.341431159025356,0.5221095820801643,44.647829045210464,0.7083333333333334,19.0,0.0014937000232748687,all_eligible,env_inverse_processing_time,stage_A_fixed_instances,True,0,0,0,0,0,0,True
Random,small,test,170036,small_test_0036_seed_170036,247.57153087035584,135.2759309478054,26.886478395679095,0.5271161829417897,56.38038930205163,0.375,9.0,0.0008992999792098999,all_eligible,env_inverse_processing_time,stage_A_fixed_instances,True,0,0,0,0,0,0,True
FIFO,small,test,170036,small_test_0036_seed_170036,217.41653087035587,122.59579616587727,11.880426947084331,0.6048913962631784,42.88629368188363,0.375,9.0,0.0009425000171177089,all_eligible,env_inverse_processing_time,stage_A_fixed_instances,True,0,0,0,0,0,0,True
SPT,small,test,170036,small_test_0036_seed_170036,269.08552841827816,132.5790223011681,27.88822163225542,0.49262569107121845,53.49577770628363,0.375,9.0,0.0010229999898001552,all_eligible,env_inverse_processing_time,stage_A_fixed_instances,True,0,0,0,0,0,0,True
LPT,small,test,170036,small_test_0036_seed_170036,226.82253087035588,142.30345110183055,38.41994376298079,0.5776485777598012,49.502643919250914,0.375,9.0,0.0011150999926030636,all_eligible,env_inverse_processing_time,stage_A_fixed_instances,True,0,0,0,0,0,0,True
MinCandidateLoad,small,test,170036,small_test_0036_seed_170036,217.41653087035587,122.1244043212095,12.414785102416536,0.6059689855032784,46.21950288445493,0.375,9.0,0.0010701999999582767,all_eligible,env_inverse_processing_time,stage_A_fixed_instances,True,0,0,0,0,0,0,True
GreedyECT,small,test,170036,small_test_0036_seed_170036,236.96316884158318,117.12400404399261,19.235134825199662,0.5516581976946117,49.76192064015478,0.375,9.0,0.001645500015001744,all_eligible,env_inverse_processing_time,stage_A_fixed_instances,True,0,0,0,0,0,0,True
Random,small,test,170037,small_test_0037_seed_170037,243.75925546904156,137.246862723435,22.39153710766764,0.4749071009919594,41.24161068279005,0.375,10.0,0.0009193999576382339,all_eligible,env_inverse_processing_time,stage_A_fixed_instances,True,0,0,0,0,0,0,True
FIFO,small,test,170037,small_test_0037_seed_170037,216.11806712064129,122.08464145454987,8.006946098172607,0.5415036448817279,40.493397115826916,0.375,10.0,0.0009047000203281641,all_eligible,env_inverse_processing_time,stage_A_fixed_instances,True,0,0,0,0,0,0,True
SPT,small,test,170037,small_test_0037_seed_170037,251.48467832170581,140.29242344746618,29.84089047479445,0.4616672516265173,42.02486872825111,0.375,10.0,0.001082399976439774,all_eligible,env_inverse_processing_time,stage_A_fixed_instances,True,0,0,0,0,0,0,True
LPT,small,test,170037,small_test_0037_seed_170037,242.96804393503712,142.49774270123444,32.75223977150012,0.4765036322350504,38.662668626612806,0.375,10.0,0.001073199964594096,all_eligible,env_inverse_processing_time,stage_A_fixed_instances,True,0,0,0,0,0,0,True
MinCandidateLoad,small,test,170037,small_test_0037_seed_170037,219.2110671206413,122.19548540394432,13.675521789247767,0.5321418249830634,39.44736858104788,0.375,10.0,0.0009790000040084124,all_eligible,env_inverse_processing_time,stage_A_fixed_instances,True,0,0,0,0,0,0,True
GreedyECT,small,test,170037,small_test_0037_seed_170037,224.62881799529904,119.81024256512234,13.357133655578098,0.5263610911235759,38.95181634575575,0.375,10.0,0.0016029999824240804,all_eligible,env_inverse_processing_time,stage_A_fixed_instances,True,0,0,0,0,0,0,True
Random,small,test,170038,small_test_0038_seed_170038,212.10509580278674,117.98125247490623,15.691496355608827,0.49943041683317824,29.61869828501251,0.625,16.0,0.0008875000057742,all_eligible,env_inverse_processing_time,stage_A_fixed_instances,True,0,0,0,0,0,0,True
FIFO,small,test,170038,small_test_0038_seed_170038,174.48,103.5931878929137,6.08952653669515,0.5905388160685675,35.937290168859604,0.625,16.0,0.0008963000145740807,all_eligible,env_inverse_processing_time,stage_A_fixed_instances,True,0,0,0,0,0,0,True
SPT,small,test,170038,small_test_0038_seed_170038,205.4900958027867,117.96138211878603,14.025985413007566,0.5008945996363393,35.02064348347154,0.625,16.0,0.000980100012384355,all_eligible,env_inverse_processing_time,stage_A_fixed_instances,True,0,0,0,0,0,0,True
LPT,small,test,170038,small_test_0038_seed_170038,192.98072627027028,122.85669301892108,21.154971431284725,0.5308443925418517,35.59611974928833,0.625,16.0,0.0010094000026583672,all_eligible,env_inverse_processing_time,stage_A_fixed_instances,True,0,0,0,0,0,0,True
MinCandidateLoad,small,test,170038,small_test_0038_seed_170038,174.48,105.42438648060859,8.732524241697043,0.5895011748088925,34.91760831848589,0.625,16.0,0.0009808000177145004,all_eligible,env_inverse_processing_time,stage_A_fixed_instances,True,0,0,0,0,0,0,True
GreedyECT,small,test,170038,small_test_0038_seed_170038,185.42000000000002,103.83870370069411,6.128042344475536,0.5595239289901733,36.925953840928806,0.625,16.0,0.0014039999805390835,all_eligible,env_inverse_processing_time,stage_A_fixed_instances,True,0,0,0,0,0,0,True
Random,small,test,170039,small_test_0039_seed_170039,240.27313910975244,147.1632193896268,30.44798504475243,0.5656844692609182,37.03784829014119,0.5833333333333334,17.0,0.000929800036828965,all_eligible,env_inverse_processing_time,stage_A_fixed_instances,True,0,0,0,0,0,0,True
FIFO,small,test,170039,small_test_0039_seed_170039,221.69142705388555,134.81863611754173,12.800804264040233,0.6055878754624993,41.20703509836871,0.5833333333333334,17.0,0.0009382999851368368,all_eligible,env_inverse_processing_time,stage_A_fixed_instances,True,0,0,0,0,0,0,True
SPT,small,test,170039,small_test_0039_seed_170039,248.88028515940277,148.8706555103121,31.034090190615316,0.5419015782642197,44.11587420271573,0.5833333333333334,17.0,0.0010881999623961747,all_eligible,env_inverse_processing_time,stage_A_fixed_instances,True,0,0,0,0,0,0,True
LPT,small,test,170039,small_test_0039_seed_170039,256.3469996355071,180.3806960443629,55.12981520043186,0.5193219328333024,35.82201152002971,0.5833333333333334,17.0,0.001103400019928813,all_eligible,env_inverse_processing_time,stage_A_fixed_instances,True,0,0,0,0,0,0,True
MinCandidateLoad,small,test,170039,small_test_0039_seed_170039,267.9828820215345,149.11485621123106,30.01500314225929,0.4987120179561916,35.56098744234974,0.5833333333333334,17.0,0.0011367000406607985,all_eligible,env_inverse_processing_time,stage_A_fixed_instances,True,0,0,0,0,0,0,True
GreedyECT,small,test,170039,small_test_0039_seed_170039,244.5974270538855,135.34485239363087,21.53404742512747,0.5452496832480271,47.66614775541505,0.5833333333333334,17.0,0.001962000038474798,all_eligible,env_inverse_processing_time,stage_A_fixed_instances,True,0,0,0,0,0,0,True
Random,small,test,170040,small_test_0040_seed_170040,243.98196763497697,130.40214362127364,19.20011629040847,0.5774082051295122,50.12873791778673,0.5833333333333334,16.0,0.0010172000038437545,all_eligible,env_inverse_processing_time,stage_A_fixed_instances,True,0,0,0,0,0,0,True
FIFO,small,test,170040,small_test_0040_seed_170040,221.04196763497697,109.07928604561606,12.014434709773239,0.6242132768123412,56.46211322026868,0.5833333333333334,16.0,0.0009242999949492514,all_eligible,env_inverse_processing_time,stage_A_fixed_instances,True,0,0,0,0,0,0,True
SPT,small,test,170040,small_test_0040_seed_170040,273.502403391813,130.22557249659795,31.42890231250384,0.4984277519420664,58.72441532157897,0.5833333333333334,16.0,0.001019999966956675,all_eligible,env_inverse_processing_time,stage_A_fixed_instances,True,0,0,0,0,0,0,True
LPT,small,test,170040,small_test_0040_seed_170040,260.8926278023398,165.11001205419504,55.67862608719309,0.5398320036961034,58.15117542561046,0.5833333333333334,16.0,0.001094800012651831,all_eligible,env_inverse_processing_time,stage_A_fixed_instances,True,0,0,0,0,0,0,True
MinCandidateLoad,small,test,170040,small_test_0040_seed_170040,221.04196763497697,110.73672648576763,13.710796433648055,0.6208726054487564,56.01191981808436,0.5833333333333334,16.0,0.0010097000049427152,all_eligible,env_inverse_processing_time,stage_A_fixed_instances,True,0,0,0,0,0,0,True
GreedyECT,small,test,170040,small_test_0040_seed_170040,241.0195470206873,112.46855588872585,17.791575520337528,0.56560220844508,58.72441532157896,0.5833333333333334,16.0,0.0015029000351205468,all_eligible,env_inverse_processing_time,stage_A_fixed_instances,True,0,0,0,0,0,0,True
Random,small,test,170041,small_test_0041_seed_170041,268.93665075946365,153.70120225536382,47.01662448323339,0.4209152663511398,49.4053280384675,0.5416666666666666,15.0,0.0009122000192292035,all_eligible,env_inverse_processing_time,stage_A_fixed_instances,True,0,0,0,0,0,0,True
FIFO,small,test,170041,small_test_0041_seed_170041,249.36403340628064,125.23385261864568,12.161012132205101,0.4627430034025097,50.73897755315718,0.5416666666666666,15.0,0.0009011999936774373,all_eligible,env_inverse_processing_time,stage_A_fixed_instances,True,0,0,0,0,0,0,True
SPT,small,test,170041,small_test_0041_seed_170041,276.84161185027386,148.21838043575747,38.96840448123206,0.40736424707514834,53.54053176511898,0.5416666666666666,15.0,0.0010175000061281025,all_eligible,env_inverse_processing_time,stage_A_fixed_instances,True,0,0,0,0,0,0,True
LPT,small,test,170041,small_test_0041_seed_170041,235.94901300333416,144.22029503636415,35.280600150219385,0.4825089770450136,50.0140641432376,0.5416666666666666,15.0,0.0010612999903969467,all_eligible,env_inverse_processing_time,stage_A_fixed_instances,True,0,0,0,0,0,0,True
MinCandidateLoad,small,test,170041,small_test_0041_seed_170041,218.97926676968004,122.83631068570999,16.109058722002747,0.5206745040020921,48.524398756546134,0.5416666666666666,15.0,0.0009740000241436064,all_eligible,env_inverse_processing_time,stage_A_fixed_instances,True,0,0,0,0,0,0,True
GreedyECT,small,test,170041,small_test_0041_seed_170041,230.51732402857385,122.770420991633,16.145802960533402,0.49315411273849585,50.796780977272164,0.5416666666666666,15.0,0.001824399980250746,all_eligible,env_inverse_processing_time,stage_A_fixed_instances,True,0,0,0,0,0,0,True
Random,small,test,170042,small_test_0042_seed_170042,235.4670874183147,135.16171723417662,27.898719667751326,0.5872680800421186,30.47729268937918,0.5833333333333334,14.0,0.0010101000079885125,all_eligible,env_inverse_processing_time,stage_A_fixed_instances,True,0,0,0,0,0,0,True
FIFO,small,test,170042,small_test_0042_seed_170042,226.8070874183147,119.34892778044987,13.564522120933942,0.5966716208058657,37.21336670142113,0.5833333333333334,14.0,0.0009629999985918403,all_eligible,env_inverse_processing_time,stage_A_fixed_instances,True,0,0,0,0,0,0,True
SPT,small,test,170042,small_test_0042_seed_170042,269.21028421535993,135.7821260510436,25.604005548165645,0.5138055369286229,30.340167893300528,0.5833333333333334,14.0,0.0010037000174634159,all_eligible,env_inverse_processing_time,stage_A_fixed_instances,True,0,0,0,0,0,0,True
LPT,small,test,170042,small_test_0042_seed_170042,257.7729621431208,158.32503644632547,52.19028193411981,0.5229902062153803,48.26229578912312,0.5833333333333334,14.0,0.0010543999960646033,all_eligible,env_inverse_processing_time,stage_A_fixed_instances,True,0,0,0,0,0,0,True
MinCandidateLoad,small,test,170042,small_test_0042_seed_170042,226.8070874183147,121.74712706299897,17.660891838501435,0.585326973542501,48.972767233196194,0.5833333333333334,14.0,0.0010006999946199358,all_eligible,env_inverse_processing_time,stage_A_fixed_instances,True,0,0,0,0,0,0,True
GreedyECT,small,test,170042,small_test_0042_seed_170042,226.80708741831472,114.48640695706051,14.003550453340646,0.5875759267959352,43.83017957635513,0.5833333333333334,14.0,0.0015634999726898968,all_eligible,env_inverse_processing_time,stage_A_fixed_instances,True,0,0,0,0,0,0,True
Random,small,test,170043,small_test_0043_seed_170043,191.92936121866893,122.77150315638671,19.367218242572374,0.6143061208534739,15.487196116442044,0.625,17.0,0.0010282999719493091,all_eligible,env_inverse_processing_time,stage_A_fixed_instances,True,0,0,0,0,0,0,True
FIFO,small,test,170043,small_test_0043_seed_170043,191.92936121866893,119.2042699184351,8.990252261760734,0.6120061675340563,19.353922538962166,0.625,17.0,0.0009547999943606555,all_eligible,env_inverse_processing_time,stage_A_fixed_instances,True,0,0,0,0,0,0,True
SPT,small,test,170043,small_test_0043_seed_170043,237.44747873328924,135.9972028302326,33.1844571585798,0.49503198046533203,26.50204699725733,0.625,17.0,0.0010477000032551587,all_eligible,env_inverse_processing_time,stage_A_fixed_instances,True,0,0,0,0,0,0,True
LPT,small,test,170043,small_test_0043_seed_170043,223.6122499193804,144.61162059796519,36.07104633456586,0.531318962318503,20.475263734951998,0.625,17.0,0.0010510000283829868,all_eligible,env_inverse_processing_time,stage_A_fixed_instances,True,0,0,0,0,0,0,True
MinCandidateLoad,small,test,170043,small_test_0043_seed_170043,191.92936121866893,123.6397210869287,16.46125202023747,0.6023306424646233,25.866866658580133,0.625,17.0,0.001042200019583106,all_eligible,env_inverse_processing_time,stage_A_fixed_instances,True,0,0,0,0,0,0,True
GreedyECT,small,test,170043,small_test_0043_seed_170043,201.22584799211896,118.28609617902293,15.180670256711357,0.5875208505656588,15.817576417994408,0.625,17.0,0.0016618999652564526,all_eligible,env_inverse_processing_time,stage_A_fixed_instances,True,0,0,0,0,0,0,True
Random,small,test,170044,small_test_0044_seed_170044,275.9554577912765,161.07359487665195,43.015782421032704,0.4317959078110257,56.12287757466131,0.5416666666666666,13.0,0.0009209999698214233,all_eligible,env_inverse_processing_time,stage_A_fixed_instances,True,0,0,0,0,0,0,True
FIFO,small,test,170044,small_test_0044_seed_170044,223.30560010588277,133.87041022481304,18.101605026049967,0.5315029278856298,56.702084775828546,0.5416666666666666,13.0,0.0010213999776169658,all_eligible,env_inverse_processing_time,stage_A_fixed_instances,True,0,0,0,0,0,0,True
SPT,small,test,170044,small_test_0044_seed_170044,297.7254577912765,156.67996599352816,37.687952953373845,0.4073964499209261,58.81354135076327,0.5416666666666666,13.0,0.0012447999906726182,all_eligible,env_inverse_processing_time,stage_A_fixed_instances,True,0,0,0,0,0,0,True
LPT,small,test,170044,small_test_0044_seed_170044,296.5484909978918,200.64146743392848,85.3693411446214,0.4035895295945743,49.44262349531054,0.5416666666666666,13.0,0.0011523000430315733,all_eligible,env_inverse_processing_time,stage_A_fixed_instances,True,0,0,0,0,0,0,True
MinCandidateLoad,small,test,170044,small_test_0044_seed_170044,223.30560010588277,134.94596061350302,19.642349003694875,0.5333101885561193,58.19442855397186,0.5416666666666666,13.0,0.0010584000265225768,all_eligible,env_inverse_processing_time,stage_A_fixed_instances,True,0,0,0,0,0,0,True
GreedyECT,small,test,170044,small_test_0044_seed_170044,239.67660010588278,132.74953631308622,20.79128755041413,0.4922740902424806,56.66510570963483,0.5416666666666666,13.0,0.0016118999919854105,all_eligible,env_inverse_processing_time,stage_A_fixed_instances,True,0,0,0,0,0,0,True
Random,small,test,170045,small_test_0045_seed_170045,237.68894914464482,137.21192278713252,33.88858249392268,0.48103407300910717,39.49781276516027,0.5,12.0,0.0008869000012055039,all_eligible,env_inverse_processing_time,stage_A_fixed_instances,True,0,0,0,0,0,0,True
FIFO,small,test,170045,small_test_0045_seed_170045,202.39285690524017,112.60636950718485,9.779520377265039,0.5822335515670101,33.37819850381466,0.5,12.0,0.000901699997484684,all_eligible,env_inverse_processing_time,stage_A_fixed_instances,True,0,0,0,0,0,0,True
SPT,small,test,170045,small_test_0045_seed_170045,247.92057469406146,132.14701470643385,28.58573421142569,0.4789347901443892,42.8606692399226,0.5,12.0,0.0009910999797284603,all_eligible,env_inverse_processing_time,stage_A_fixed_instances,True,0,0,0,0,0,0,True
LPT,small,test,170045,small_test_0045_seed_170045,237.43894914464482,151.00678165052904,44.901394804534895,0.5072622966387929,34.23744697878886,0.5,12.0,0.0011024000123143196,all_eligible,env_inverse_processing_time,stage_A_fixed_instances,True,0,0,0,0,0,0,True
MinCandidateLoad,small,test,170045,small_test_0045_seed_170045,202.39285690524017,120.09031301185307,15.191698432932066,0.575566980661647,40.51389113687173,0.5,12.0,0.00104160001501441,all_eligible,env_inverse_processing_time,stage_A_fixed_instances,True,0,0,0,0,0,0,True
GreedyECT,small,test,170045,small_test_0045_seed_170045,221.88485690524016,112.7858079906894,14.963678327666562,0.5152964691282761,39.49781276516027,0.5,12.0,0.0015237999614328146,all_eligible,env_inverse_processing_time,stage_A_fixed_instances,True,0,0,0,0,0,0,True
Random,small,test,170046,small_test_0046_seed_170046,189.19677751219913,107.04184946466114,18.431592564050625,0.5110038087707841,44.31322469614929,0.5416666666666666,17.0,0.000908499991055578,all_eligible,env_inverse_processing_time,stage_A_fixed_instances,True,0,0,0,0,0,0,True
FIFO,small,test,170046,small_test_0046_seed_170046,183.01589007680204,100.4042024111506,7.792350958843063,0.5251858229440056,44.377898074445945,0.5416666666666666,17.0,0.0008940999978221953,all_eligible,env_inverse_processing_time,stage_A_fixed_instances,True,0,0,0,0,0,0,True
SPT,small,test,170046,small_test_0046_seed_170046,198.96989007680205,112.98304250976594,25.74183370507463,0.48404661856196035,46.96939156577908,0.5416666666666666,17.0,0.001052499981597066,all_eligible,env_inverse_processing_time,stage_A_fixed_instances,True,0,0,0,0,0,0,True
LPT,small,test,170046,small_test_0046_seed_170046,197.0929458721022,121.9645176420761,32.81704775852393,0.4900377726571778,46.324463687010024,0.5416666666666666,17.0,0.0012793999630957842,all_eligible,env_inverse_processing_time,stage_A_fixed_instances,True,0,0,0,0,0,0,True
MinCandidateLoad,small,test,170046,small_test_0046_seed_170046,183.01589007680204,100.4042024111506,7.792350958843063,0.5251858229440056,44.377898074445945,0.5416666666666666,17.0,0.0013014000141993165,all_eligible,env_inverse_processing_time,stage_A_fixed_instances,True,0,0,0,0,0,0,True
GreedyECT,small,test,170046,small_test_0046_seed_170046,190.79989007680206,98.73588548065754,12.045867361683342,0.504084938429997,44.87830631289363,0.5416666666666666,17.0,0.001496999990195036,all_eligible,env_inverse_processing_time,stage_A_fixed_instances,True,0,0,0,0,0,0,True
Random,small,test,170047,small_test_0047_seed_170047,261.24386307860277,137.84701273827233,32.36041862396586,0.5553647984128574,49.10047121942633,0.6666666666666666,16.0,0.0009044000180438161,all_eligible,env_inverse_processing_time,stage_A_fixed_instances,True,0,0,0,0,0,0,True
FIFO,small,test,170047,small_test_0047_seed_170047,248.7390502710143,118.84329491306983,16.006188738156315,0.5761291104345065,49.373491123025,0.6666666666666666,16.0,0.000920899969059974,all_eligible,env_inverse_processing_time,stage_A_fixed_instances,True,0,0,0,0,0,0,True
SPT,small,test,170047,small_test_0047_seed_170047,272.6970502710143,125.57050455746655,21.727710831871125,0.5232365872123234,48.86875938946639,0.6666666666666666,16.0,0.0010033000144176185,all_eligible,env_inverse_processing_time,stage_A_fixed_instances,True,0,0,0,0,0,0,True
LPT,small,test,170047,small_test_0047_seed_170047,284.3938630786028,162.94520104631033,61.37646987139681,0.5062087604402039,48.65497931847998,0.6666666666666666,16.0,0.0011212000390514731,all_eligible,env_inverse_processing_time,stage_A_fixed_instances,True,0,0,0,0,0,0,True
MinCandidateLoad,small,test,170047,small_test_0047_seed_170047,248.7390502710143,118.84329491306981,16.006188738156315,0.5761291104345065,49.373491123025,0.6666666666666666,16.0,0.0010083999950438738,all_eligible,env_inverse_processing_time,stage_A_fixed_instances,True,0,0,0,0,0,0,True
GreedyECT,small,test,170047,small_test_0047_seed_170047,260.08805027101425,116.46060576176693,22.52167740921813,0.5486029587979674,48.86875938946639,0.6666666666666666,16.0,0.001574800000526011,all_eligible,env_inverse_processing_time,stage_A_fixed_instances,True,0,0,0,0,0,0,True
Random,small,test,170048,small_test_0048_seed_170048,250.8974556120532,165.100497776658,46.62489664527471,0.4818179754007188,72.72048092274322,0.5416666666666666,15.0,0.0009186000097543001,all_eligible,env_inverse_processing_time,stage_A_fixed_instances,True,0,0,0,0,0,0,True
FIFO,small,test,170048,small_test_0048_seed_170048,250.8974556120532,126.25092545592071,17.925073967016704,0.4806638328532584,72.73977406228865,0.5416666666666666,15.0,0.0009142000344581902,all_eligible,env_inverse_processing_time,stage_A_fixed_instances,True,0,0,0,0,0,0,True
SPT,small,test,170048,small_test_0048_seed_170048,317.7934556120532,160.0183755612335,44.416416514727075,0.381834406536345,75.94250024117902,0.5416666666666666,15.0,0.0011059000389650464,all_eligible,env_inverse_processing_time,stage_A_fixed_instances,True,0,0,0,0,0,0,True
LPT,small,test,170048,small_test_0048_seed_170048,269.5056161657797,180.56278666616345,72.37104419784619,0.45120512836175514,72.65356871072584,0.5416666666666666,15.0,0.0011799000203609467,all_eligible,env_inverse_processing_time,stage_A_fixed_instances,True,0,0,0,0,0,0,True
MinCandidateLoad,small,test,170048,small_test_0048_seed_170048,250.8974556120532,126.25092545592071,17.925073967016704,0.4806638328532584,72.73977406228865,0.5416666666666666,15.0,0.0010461999918334186,all_eligible,env_inverse_processing_time,stage_A_fixed_instances,True,0,0,0,0,0,0,True
GreedyECT,small,test,170048,small_test_0048_seed_170048,276.563,125.8761805583086,18.257673055249445,0.4383291271135527,76.16097628894886,0.5416666666666666,15.0,0.0017585999448783696,all_eligible,env_inverse_processing_time,stage_A_fixed_instances,True,0,0,0,0,0,0,True
Random,small,test,170049,small_test_0049_seed_170049,235.7874776259935,139.20559394410438,29.04131008683889,0.4750391063855044,37.836583031296854,0.375,12.0,0.0010885000228881836,all_eligible,env_inverse_processing_time,stage_A_fixed_instances,True,0,0,0,0,0,0,True
FIFO,small,test,170049,small_test_0049_seed_170049,225.4014776259935,124.09309419687781,15.277850002667856,0.49706665441002973,38.78243861442127,0.375,12.0,0.0009361999691464007,all_eligible,env_inverse_processing_time,stage_A_fixed_instances,True,0,0,0,0,0,0,True
SPT,small,test,170049,small_test_0049_seed_170049,235.44447762599347,130.22761849395872,18.39027148754938,0.4703528749991469,39.76405251006849,0.375,12.0,0.000999299983959645,all_eligible,env_inverse_processing_time,stage_A_fixed_instances,True,0,0,0,0,0,0,True
LPT,small,test,170049,small_test_0049_seed_170049,245.41173162692576,145.8383267559028,38.90586033383017,0.44530465691098275,38.156790795597345,0.375,12.0,0.0010030000121332705,all_eligible,env_inverse_processing_time,stage_A_fixed_instances,True,0,0,0,0,0,0,True
MinCandidateLoad,small,test,170049,small_test_0049_seed_170049,225.4014776259935,127.6610990958228,16.693115016948482,0.4965913121085004,41.33278301862057,0.375,12.0,0.0009787000017240644,all_eligible,env_inverse_processing_time,stage_A_fixed_instances,True,0,0,0,0,0,0,True
GreedyECT,small,test,170049,small_test_0049_seed_170049,232.79747762599348,124.58903281422347,18.548274207325935,0.46698892619262994,40.166852180947494,0.375,12.0,0.001521300000604242,all_eligible,env_inverse_processing_time,stage_A_fixed_instances,True,0,0,0,0,0,0,True
Random,medium,test,270000,medium_test_0000_seed_270000,408.99595180904106,211.0099145124893,38.21274256056212,0.4352104699606213,49.8501987173984,0.59375,57.0,0.003636399982497096,all_eligible,env_inverse_processing_time,stage_A_fixed_instances,True,0,0,0,0,0,0,True
FIFO,medium,test,270000,medium_test_0000_seed_270000,341.2336251412264,176.19816730626374,7.987675923251632,0.51636945057908,47.40950672717176,0.59375,57.0,0.0034354999661445618,all_eligible,env_inverse_processing_time,stage_A_fixed_instances,True,0,0,0,0,0,0,True
SPT,medium,test,270000,medium_test_0000_seed_270000,409.20621683472075,214.24744487933702,44.55310534472295,0.44732756343935687,36.568735730270504,0.59375,57.0,0.004099000012502074,all_eligible,env_inverse_processing_time,stage_A_fixed_instances,True,0,0,0,0,0,0,True
LPT,medium,test,270000,medium_test_0000_seed_270000,377.09057333152236,257.9130573832532,79.75096702652647,0.4686664427395343,47.7525191633029,0.59375,57.0,0.005141199973877519,all_eligible,env_inverse_processing_time,stage_A_fixed_instances,True,0,0,0,0,0,0,True
MinCandidateLoad,medium,test,270000,medium_test_0000_seed_270000,352.1368450623727,194.3294472363931,26.682409966426917,0.5067395808323082,45.82938052738323,0.59375,57.0,0.004222799965646118,all_eligible,env_inverse_processing_time,stage_A_fixed_instances,True,0,0,0,0,0,0,True
GreedyECT,medium,test,270000,medium_test_0000_seed_270000,354.2552107912328,175.9306076670743,10.833511224099837,0.5094613061584844,36.573861381136325,0.59375,57.0,0.00606270000571385,all_eligible,env_inverse_processing_time,stage_A_fixed_instances,True,0,0,0,0,0,0,True
Random,medium,test,270001,medium_test_0001_seed_270001,417.48714238791996,223.03694521983823,50.331152543123,0.4949434536761811,66.01894678682658,0.65625,61.0,0.003682799986563623,all_eligible,env_inverse_processing_time,stage_A_fixed_instances,True,0,0,0,0,0,0,True
FIFO,medium,test,270001,medium_test_0001_seed_270001,421.48509478838804,187.29871529828435,10.237506591585223,0.4849000649248935,74.27583880055121,0.65625,61.0,0.003643499978352338,all_eligible,env_inverse_processing_time,stage_A_fixed_instances,True,0,0,0,0,0,0,True
SPT,medium,test,270001,medium_test_0001_seed_270001,486.5817234705715,230.39494157841182,58.14677742420827,0.4169016614585533,73.92533706003069,0.65625,61.0,0.0043889000080525875,all_eligible,env_inverse_processing_time,stage_A_fixed_instances,True,0,0,0,0,0,0,True
LPT,medium,test,270001,medium_test_0001_seed_270001,410.07796941027686,266.71396936142526,88.28336665099306,0.5045309843512653,70.92222738838805,0.65625,61.0,0.005140000022947788,all_eligible,env_inverse_processing_time,stage_A_fixed_instances,True,0,0,0,0,0,0,True
MinCandidateLoad,medium,test,270001,medium_test_0001_seed_270001,429.8303336206492,228.4336859124619,55.27721264734056,0.4806151179468173,69.1554465921802,0.65625,61.0,0.0049986999947577715,all_eligible,env_inverse_processing_time,stage_A_fixed_instances,True,0,0,0,0,0,0,True
GreedyECT,medium,test,270001,medium_test_0001_seed_270001,415.73407171193827,189.0040924010736,21.031997745441032,0.49330872520720714,67.07553378348855,0.65625,61.0,0.006889899959787726,all_eligible,env_inverse_processing_time,stage_A_fixed_instances,True,0,0,0,0,0,0,True
Random,medium,test,270002,medium_test_0002_seed_270002,413.3919558552555,207.50543336483008,67.41159817481183,0.4852604439981992,70.40060775772989,0.625,62.0,0.0036958999698981643,all_eligible,env_inverse_processing_time,stage_A_fixed_instances,True,0,0,0,0,0,0,True
FIFO,medium,test,270002,medium_test_0002_seed_270002,334.81784520040975,146.36610478248915,9.360122281926737,0.5892165652271311,77.91855199676237,0.625,62.0,0.004024900030344725,all_eligible,env_inverse_processing_time,stage_A_fixed_instances,True,0,0,0,0,0,0,True
SPT,medium,test,270002,medium_test_0002_seed_270002,445.98689755967473,204.25685248378386,66.47858040815233,0.4498738727866029,70.41848786236592,0.625,62.0,0.004967099986970425,all_eligible,env_inverse_processing_time,stage_A_fixed_instances,True,0,0,0,0,0,0,True
LPT,medium,test,270002,medium_test_0002_seed_270002,446.17507813118993,243.28228734210893,96.09842023113201,0.4458564390563016,66.41778762714169,0.625,62.0,0.005154200014658272,all_eligible,env_inverse_processing_time,stage_A_fixed_instances,True,0,0,0,0,0,0,True
MinCandidateLoad,medium,test,270002,medium_test_0002_seed_270002,405.200909350034,180.43651740123624,43.86210512789681,0.4842633920846269,73.58026185476092,0.625,62.0,0.005021799996029586,all_eligible,env_inverse_processing_time,stage_A_fixed_instances,True,0,0,0,0,0,0,True
GreedyECT,medium,test,270002,medium_test_0002_seed_270002,361.50592039586127,146.9943325588279,16.6443092071281,0.5485545697874629,76.21096017792955,0.625,62.0,0.00729839998530224,all_eligible,env_inverse_processing_time,stage_A_fixed_instances,True,0,0,0,0,0,0,True
Random,medium,test,270003,medium_test_0003_seed_270003,424.18279574177456,210.41673961292614,48.632066703118696,0.4636317374026852,70.329682180682,0.625,67.0,0.0036543000023812056,all_eligible,env_inverse_processing_time,stage_A_fixed_instances,True,0,0,0,0,0,0,True
FIFO,medium,test,270003,medium_test_0003_seed_270003,342.58263343279805,157.43881008015063,11.091859424899736,0.5516686785669489,76.47279073207862,0.625,67.0,0.003663300012703985,all_eligible,env_inverse_processing_time,stage_A_fixed_instances,True,0,0,0,0,0,0,True
SPT,medium,test,270003,medium_test_0003_seed_270003,489.29333912320834,213.3597543307864,60.536823507497886,0.395473763924689,65.91775531064553,0.625,67.0,0.004752799984999001,all_eligible,env_inverse_processing_time,stage_A_fixed_instances,True,0,0,0,0,0,0,True
LPT,medium,test,270003,medium_test_0003_seed_270003,423.0221061807018,288.6613249451542,132.31949535813897,0.4508997830172122,71.13085252781246,0.625,67.0,0.005143999995198101,all_eligible,env_inverse_processing_time,stage_A_fixed_instances,True,0,0,0,0,0,0,True
MinCandidateLoad,medium,test,270003,medium_test_0003_seed_270003,369.49367378259893,183.42142906555898,36.57890321555134,0.512040483309168,69.93831495815776,0.625,67.0,0.004265099996700883,all_eligible,env_inverse_processing_time,stage_A_fixed_instances,True,0,0,0,0,0,0,True
GreedyECT,medium,test,270003,medium_test_0003_seed_270003,381.6487639011716,158.292101537975,16.9272585951206,0.5007247689062613,72.83142879368698,0.625,67.0,0.006568700016941875,all_eligible,env_inverse_processing_time,stage_A_fixed_instances,True,0,0,0,0,0,0,True
Random,medium,test,270004,medium_test_0004_seed_270004,409.8553735256652,232.8717791898353,74.49845397797542,0.5253848067381818,56.652429395966024,0.609375,57.0,0.0037078000023029745,all_eligible,env_inverse_processing_time,stage_A_fixed_instances,True,0,0,0,0,0,0,True
FIFO,medium,test,270004,medium_test_0004_seed_270004,344.82805165293667,169.51225249018114,15.59080850783721,0.6169033347098504,58.19519565203918,0.609375,57.0,0.003625700017437339,all_eligible,env_inverse_processing_time,stage_A_fixed_instances,True,0,0,0,0,0,0,True
SPT,medium,test,270004,medium_test_0004_seed_270004,457.45205165293663,218.0059339945086,66.83639091329457,0.4639007272697168,62.05612779565338,0.609375,57.0,0.00601830001687631,all_eligible,env_inverse_processing_time,stage_A_fixed_instances,True,0,0,0,0,0,0,True
LPT,medium,test,270004,medium_test_0004_seed_270004,389.2519861273484,265.73859419854523,104.8157834019711,0.5463427718548997,60.930907845854136,0.609375,57.0,0.004912399977911264,all_eligible,env_inverse_processing_time,stage_A_fixed_instances,True,0,0,0,0,0,0,True
MinCandidateLoad,medium,test,270004,medium_test_0004_seed_270004,425.7252685474109,217.32472902390535,66.36092998195336,0.5004961527646357,67.04730369160878,0.609375,57.0,0.004511400009505451,all_eligible,env_inverse_processing_time,stage_A_fixed_instances,True,0,0,0,0,0,0,True
GreedyECT,medium,test,270004,medium_test_0004_seed_270004,404.3859925690156,173.60742641477788,25.393341226454925,0.5332346156688946,58.166508086932446,0.609375,57.0,0.006847500044386834,all_eligible,env_inverse_processing_time,stage_A_fixed_instances,True,0,0,0,0,0,0,True
Random,medium,test,270005,medium_test_0005_seed_270005,387.7346247990513,239.69563730581203,61.649928715359074,0.5365799909560032,42.46122153301093,0.640625,65.0,0.0035940000088885427,all_eligible,env_inverse_processing_time,stage_A_fixed_instances,True,0,0,0,0,0,0,True
FIFO,medium,test,270005,medium_test_0005_seed_270005,312.7314825768863,184.12897682307292,10.075283330414383,0.660466078680331,39.483852008563304,0.640625,65.0,0.0034060999751091003,all_eligible,env_inverse_processing_time,stage_A_fixed_instances,True,0,0,0,0,0,0,True
SPT,medium,test,270005,medium_test_0005_seed_270005,417.0425495725914,235.04291729178277,62.098558509837815,0.4963091389534931,53.65666733154789,0.640625,65.0,0.0042619999730959535,all_eligible,env_inverse_processing_time,stage_A_fixed_instances,True,0,0,0,0,0,0,True
LPT,medium,test,270005,medium_test_0005_seed_270005,415.9035287157921,286.40918257770903,99.13105924760413,0.5045681646358462,35.574896081440826,0.640625,65.0,0.00507750001270324,all_eligible,env_inverse_processing_time,stage_A_fixed_instances,True,0,0,0,0,0,0,True
MinCandidateLoad,medium,test,270005,medium_test_0005_seed_270005,377.27288312057686,219.23154118570346,45.62940423041525,0.5457888978644712,44.66613229183525,0.640625,65.0,0.004501699993852526,all_eligible,env_inverse_processing_time,stage_A_fixed_instances,True,0,0,0,0,0,0,True
GreedyECT,medium,test,270005,medium_test_0005_seed_270005,341.0855889909176,185.29971345661278,20.15702806118758,0.6034890613441575,41.06264646511851,0.640625,65.0,0.006763499986846,all_eligible,env_inverse_processing_time,stage_A_fixed_instances,True,0,0,0,0,0,0,True
Random,medium,test,270006,medium_test_0006_seed_270006,433.0241651689029,207.21754178352208,45.002084093453675,0.48602258786517094,54.65997715042351,0.640625,59.0,0.0038235000101849437,all_eligible,env_inverse_processing_time,stage_A_fixed_instances,True,0,0,0,0,0,0,True
FIFO,medium,test,270006,medium_test_0006_seed_270006,312.4106007678059,161.03737966614483,9.074654061965559,0.6783380660650093,42.79787491259855,0.640625,59.0,0.0037779999547638,all_eligible,env_inverse_processing_time,stage_A_fixed_instances,True,0,0,0,0,0,0,True
SPT,medium,test,270006,medium_test_0006_seed_270006,457.62615891716786,215.5075958022872,63.872835241555094,0.4637904690873863,60.59594076254425,0.640625,59.0,0.00479600002290681,all_eligible,env_inverse_processing_time,stage_A_fixed_instances,True,0,0,0,0,0,0,True
LPT,medium,test,270006,medium_test_0006_seed_270006,396.2361282126568,262.5443711111119,112.03107470457076,0.5378553064463596,46.946956256235865,0.640625,59.0,0.005340500036254525,all_eligible,env_inverse_processing_time,stage_A_fixed_instances,True,0,0,0,0,0,0,True
MinCandidateLoad,medium,test,270006,medium_test_0006_seed_270006,387.59670453220247,200.9473462230363,52.84561935124019,0.5436053437336736,55.477631136920934,0.640625,59.0,0.004859899985603988,all_eligible,env_inverse_processing_time,stage_A_fixed_instances,True,0,0,0,0,0,0,True
GreedyECT,medium,test,270006,medium_test_0006_seed_270006,356.1714929518089,157.37364673786686,15.346940704039627,0.590291346708456,47.09694227306675,0.640625,59.0,0.006864000053610653,all_eligible,env_inverse_processing_time,stage_A_fixed_instances,True,0,0,0,0,0,0,True
Random,medium,test,270007,medium_test_0007_seed_270007,358.0123462111924,214.39365063284018,54.895675336165915,0.5461783022267819,48.3899973793793,0.65625,67.0,0.0037634000182151794,all_eligible,env_inverse_processing_time,stage_A_fixed_instances,True,0,0,0,0,0,0,True
FIFO,medium,test,270007,medium_test_0007_seed_270007,306.5770074883406,167.48796296528892,8.083750619155495,0.634556513621034,50.5583306608378,0.65625,67.0,0.003720399981830269,all_eligible,env_inverse_processing_time,stage_A_fixed_instances,True,0,0,0,0,0,0,True
SPT,medium,test,270007,medium_test_0007_seed_270007,398.69394459757234,238.44606105164615,70.31936625366829,0.5011421671947276,51.352510442959,0.65625,67.0,0.004943599982652813,all_eligible,env_inverse_processing_time,stage_A_fixed_instances,True,0,0,0,0,0,0,True
LPT,medium,test,270007,medium_test_0007_seed_270007,396.8128228514008,266.4670983166632,104.93095137136281,0.49106337786459564,45.05448596985161,0.65625,67.0,0.005185399961192161,all_eligible,env_inverse_processing_time,stage_A_fixed_instances,True,0,0,0,0,0,0,True
MinCandidateLoad,medium,test,270007,medium_test_0007_seed_270007,376.3761739790419,197.98676277122658,43.90003574204693,0.5125660291400365,56.96326664066266,0.65625,67.0,0.00439300003927201,all_eligible,env_inverse_processing_time,stage_A_fixed_instances,True,0,0,0,0,0,0,True
GreedyECT,medium,test,270007,medium_test_0007_seed_270007,331.98575159942095,165.33212979451073,16.301827000217685,0.5818656287837712,49.70537438503878,0.65625,67.0,0.006478700030129403,all_eligible,env_inverse_processing_time,stage_A_fixed_instances,True,0,0,0,0,0,0,True
Random,medium,test,270008,medium_test_0008_seed_270008,412.8913849008436,236.32401547731104,58.8760127467263,0.4718523770756979,51.248942751556534,0.671875,60.0,0.0036844999995082617,all_eligible,env_inverse_processing_time,stage_A_fixed_instances,True,0,0,0,0,0,0,True
FIFO,medium,test,270008,medium_test_0008_seed_270008,335.83970895482196,171.8793923790044,7.581175236700021,0.5812796659257696,50.44008768963775,0.671875,60.0,0.0035019999486394227,all_eligible,env_inverse_processing_time,stage_A_fixed_instances,True,0,0,0,0,0,0,True
SPT,medium,test,270008,medium_test_0008_seed_270008,434.6909834476504,223.76062463716306,56.068502133099024,0.4421740481384988,57.643446372879836,0.671875,60.0,0.004463599994778633,all_eligible,env_inverse_processing_time,stage_A_fixed_instances,True,0,0,0,0,0,0,True
LPT,medium,test,270008,medium_test_0008_seed_270008,406.83728898369753,256.44576421804345,84.17924706737081,0.4774797959694603,49.96970114178617,0.671875,60.0,0.005181699991226196,all_eligible,env_inverse_processing_time,stage_A_fixed_instances,True,0,0,0,0,0,0,True
MinCandidateLoad,medium,test,270008,medium_test_0008_seed_270008,390.978039758677,196.90829575199575,35.59401450221796,0.4929482818680581,55.23183194822607,0.671875,60.0,0.004577099985908717,all_eligible,env_inverse_processing_time,stage_A_fixed_instances,True,0,0,0,0,0,0,True
GreedyECT,medium,test,270008,medium_test_0008_seed_270008,375.0743772250253,175.45679904840335,18.21383871501809,0.5110803471120707,58.776198215445866,0.671875,60.0,0.007255100004840642,all_eligible,env_inverse_processing_time,stage_A_fixed_instances,True,0,0,0,0,0,0,True
Random,medium,test,270009,medium_test_0009_seed_270009,362.3019803339143,206.37857908614552,52.88032560107753,0.5252067080785534,84.26896784732394,0.6875,65.0,0.0038583000423386693,all_eligible,env_inverse_processing_time,stage_A_fixed_instances,True,0,0,0,0,0,0,True
FIFO,medium,test,270009,medium_test_0009_seed_270009,301.4210972256365,165.5999502030358,15.138368817932548,0.6313464481089789,79.93836835169188,0.6875,65.0,0.003765600034967065,all_eligible,env_inverse_processing_time,stage_A_fixed_instances,True,0,0,0,0,0,0,True
SPT,medium,test,270009,medium_test_0009_seed_270009,456.9488831147673,254.14461055349162,93.73377872908696,0.41460311311096637,78.69469808868811,0.6875,65.0,0.005052499996963888,all_eligible,env_inverse_processing_time,stage_A_fixed_instances,True,0,0,0,0,0,0,True
LPT,medium,test,270009,medium_test_0009_seed_270009,437.7258361732508,274.2564627400964,109.45206968149822,0.441108076079792,78.85285091153253,0.6875,65.0,0.005247499968390912,all_eligible,env_inverse_processing_time,stage_A_fixed_instances,True,0,0,0,0,0,0,True
MinCandidateLoad,medium,test,270009,medium_test_0009_seed_270009,386.98636346205063,188.07117869230842,41.67593944622379,0.49144001544656446,84.88974421462154,0.6875,65.0,0.00436780002200976,all_eligible,env_inverse_processing_time,stage_A_fixed_instances,True,0,0,0,0,0,0,True
GreedyECT,medium,test,270009,medium_test_0009_seed_270009,330.79370448883515,165.65187502762504,21.292977375861444,0.5798152798226804,82.73691049766133,0.6875,65.0,0.007192299992311746,all_eligible,env_inverse_processing_time,stage_A_fixed_instances,True,0,0,0,0,0,0,True
Random,medium,test,270010,medium_test_0010_seed_270010,369.44159305561516,200.65665729420408,38.409347007264074,0.4735541213115802,52.19325184466945,0.640625,67.0,0.0038505999837070704,all_eligible,env_inverse_processing_time,stage_A_fixed_instances,True,0,0,0,0,0,0,True
FIFO,medium,test,270010,medium_test_0010_seed_270010,302.41700765583505,163.42692131290062,5.050906088429316,0.5692483495270384,57.8049393729888,0.640625,67.0,0.003540600009728223,all_eligible,env_inverse_processing_time,stage_A_fixed_instances,True,0,0,0,0,0,0,True
SPT,medium,test,270010,medium_test_0010_seed_270010,400.791205341606,203.79811415757064,39.99981470247308,0.43402407153794814,58.52306851002296,0.640625,67.0,0.004376799974124879,all_eligible,env_inverse_processing_time,stage_A_fixed_instances,True,0,0,0,0,0,0,True
LPT,medium,test,270010,medium_test_0010_seed_270010,394.39714069705957,247.52284432179226,85.71570852337037,0.44110616258052326,49.11730755691049,0.640625,67.0,0.005051800049841404,all_eligible,env_inverse_processing_time,stage_A_fixed_instances,True,0,0,0,0,0,0,True
MinCandidateLoad,medium,test,270010,medium_test_0010_seed_270010,351.14201682935953,190.01640397640847,26.24834962305452,0.4988415724651598,50.84082626170675,0.640625,67.0,0.004279899992980063,all_eligible,env_inverse_processing_time,stage_A_fixed_instances,True,0,0,0,0,0,0,True
GreedyECT,medium,test,270010,medium_test_0010_seed_270010,331.87987136562424,165.29286388072933,9.0622183524594,0.5252223836349758,54.60475578740905,0.640625,67.0,0.006037099985405803,all_eligible,env_inverse_processing_time,stage_A_fixed_instances,True,0,0,0,0,0,0,True
Random,medium,test,270011,medium_test_0011_seed_270011,377.5242429485472,220.68060126874224,43.95427258336745,0.5653913317179308,54.854590910749195,0.53125,51.0,0.0037136999890208244,all_eligible,env_inverse_processing_time,stage_A_fixed_instances,True,0,0,0,0,0,0,True
FIFO,medium,test,270011,medium_test_0011_seed_270011,334.40465952860745,181.96047624848038,10.12953293779234,0.6311562130957192,53.20455210045407,0.53125,51.0,0.003961000009439886,all_eligible,env_inverse_processing_time,stage_A_fixed_instances,True,0,0,0,0,0,0,True
SPT,medium,test,270011,medium_test_0011_seed_270011,401.9770143605746,213.90501603981474,36.863065329554935,0.5218841968800245,71.33102885250433,0.53125,51.0,0.004524999996647239,all_eligible,env_inverse_processing_time,stage_A_fixed_instances,True,0,0,0,0,0,0,True
LPT,medium,test,270011,medium_test_0011_seed_270011,398.97388421447954,259.6627093297638,85.80938740104273,0.530636629528265,47.816355202199695,0.53125,51.0,0.004980599973350763,all_eligible,env_inverse_processing_time,stage_A_fixed_instances,True,0,0,0,0,0,0,True
MinCandidateLoad,medium,test,270011,medium_test_0011_seed_270011,387.3216595286075,218.21386529144084,45.81808578785413,0.5384750337151787,71.670244449907,0.53125,51.0,0.004514799977187067,all_eligible,env_inverse_processing_time,stage_A_fixed_instances,True,0,0,0,0,0,0,True
GreedyECT,medium,test,270011,medium_test_0011_seed_270011,363.87115990967294,183.5788631767288,16.61309627474093,0.5829116753983259,60.92261636066459,0.53125,51.0,0.0069565000012516975,all_eligible,env_inverse_processing_time,stage_A_fixed_instances,True,0,0,0,0,0,0,True
Random,medium,test,270012,medium_test_0012_seed_270012,382.25041435650036,227.13545474237384,51.73921129080177,0.5113137367578204,63.89885430958247,0.65625,60.0,0.0036327000125311315,all_eligible,env_inverse_processing_time,stage_A_fixed_instances,True,0,0,0,0,0,0,True
FIFO,medium,test,270012,medium_test_0012_seed_270012,318.2249436168723,183.64859728180244,11.402383574128805,0.6085789206525042,57.56611414307765,0.65625,60.0,0.0035932999453507364,all_eligible,env_inverse_processing_time,stage_A_fixed_instances,True,0,0,0,0,0,0,True
SPT,medium,test,270012,medium_test_0012_seed_270012,427.43992965681855,227.81108809498605,55.29026974589019,0.4649920806292453,58.54054405668929,0.65625,60.0,0.004627000016625971,all_eligible,env_inverse_processing_time,stage_A_fixed_instances,True,0,0,0,0,0,0,True
LPT,medium,test,270012,medium_test_0012_seed_270012,394.09896907148214,253.83458526404866,73.36913084815417,0.501155221235701,53.25409174888648,0.65625,60.0,0.0048516999813728034,all_eligible,env_inverse_processing_time,stage_A_fixed_instances,True,0,0,0,0,0,0,True
MinCandidateLoad,medium,test,270012,medium_test_0012_seed_270012,329.9035346396387,197.4261392172247,25.9746886247287,0.5906802753111028,56.8478206541623,0.65625,60.0,0.004152100009378046,all_eligible,env_inverse_processing_time,stage_A_fixed_instances,True,0,0,0,0,0,0,True
GreedyECT,medium,test,270012,medium_test_0012_seed_270012,361.0461588886267,186.4540002769748,20.049127657010786,0.5316199102713243,64.1399131873599,0.65625,60.0,0.007051700027659535,all_eligible,env_inverse_processing_time,stage_A_fixed_instances,True,0,0,0,0,0,0,True
Random,medium,test,270013,medium_test_0013_seed_270013,384.31682729663044,230.8241665717346,66.28514913549635,0.5394924042438032,33.68602163311791,0.640625,71.0,0.003928799997083843,all_eligible,env_inverse_processing_time,stage_A_fixed_instances,True,0,0,0,0,0,0,True
FIFO,medium,test,270013,medium_test_0013_seed_270013,296.98192504245975,169.87947121913896,7.994795416940602,0.6856972979259285,43.18882399292599,0.640625,71.0,0.0037012999528087676,all_eligible,env_inverse_processing_time,stage_A_fixed_instances,True,0,0,0,0,0,0,True
SPT,medium,test,270013,medium_test_0013_seed_270013,385.0937443347796,222.65343362883075,62.307400123429424,0.5283529211834317,43.1154704298767,0.640625,71.0,0.004883899993728846,all_eligible,env_inverse_processing_time,stage_A_fixed_instances,True,0,0,0,0,0,0,True
LPT,medium,test,270013,medium_test_0013_seed_270013,358.5120562472371,256.3379329785972,92.18164364877623,0.5756529040710822,31.341399148834046,0.640625,71.0,0.005695399944670498,all_eligible,env_inverse_processing_time,stage_A_fixed_instances,True,0,0,0,0,0,0,True
MinCandidateLoad,medium,test,270013,medium_test_0013_seed_270013,323.4408742033978,185.70465858781688,24.674685962771186,0.6339595322458303,25.09609020353271,0.640625,71.0,0.005031400010921061,all_eligible,env_inverse_processing_time,stage_A_fixed_instances,True,0,0,0,0,0,0,True
GreedyECT,medium,test,270013,medium_test_0013_seed_270013,341.2619525466164,179.74298503420746,22.490258990358043,0.5982920540889369,33.4793667237432,0.640625,71.0,0.0076648000394925475,all_eligible,env_inverse_processing_time,stage_A_fixed_instances,True,0,0,0,0,0,0,True
Random,medium,test,270014,medium_test_0014_seed_270014,357.1533528498749,196.41284265178672,33.31060008962714,0.549162676208666,32.064637342206304,0.59375,55.0,0.0041408000397495925,all_eligible,env_inverse_processing_time,stage_A_fixed_instances,True,0,0,0,0,0,0,True
FIFO,medium,test,270014,medium_test_0014_seed_270014,348.038,172.1357330369196,9.884720697829898,0.5583007598356553,33.581312608183765,0.59375,55.0,0.004053099954035133,all_eligible,env_inverse_processing_time,stage_A_fixed_instances,True,0,0,0,0,0,0,True
SPT,medium,test,270014,medium_test_0014_seed_270014,421.38487174724423,221.43321697754857,59.72693656845017,0.4682079861086146,30.57368167428101,0.59375,55.0,0.006663000036496669,all_eligible,env_inverse_processing_time,stage_A_fixed_instances,True,0,0,0,0,0,0,True
LPT,medium,test,270014,medium_test_0014_seed_270014,363.77040085596445,268.4802946403905,103.38166655799355,0.5424595415520487,35.41165848328228,0.59375,55.0,0.007336300041060895,all_eligible,env_inverse_processing_time,stage_A_fixed_instances,True,0,0,0,0,0,0,True
MinCandidateLoad,medium,test,270014,medium_test_0014_seed_270014,357.4743706031232,190.66532207751678,29.73456608005932,0.5400983718538569,56.84821178782811,0.59375,55.0,0.005440299981273711,all_eligible,env_inverse_processing_time,stage_A_fixed_instances,True,0,0,0,0,0,0,True
GreedyECT,medium,test,270014,medium_test_0014_seed_270014,332.5930322100483,169.54813218738158,13.037106457406853,0.5892391502418769,37.44326255150238,0.59375,55.0,0.008309600001666695,all_eligible,env_inverse_processing_time,stage_A_fixed_instances,True,0,0,0,0,0,0,True
Random,medium,test,270015,medium_test_0015_seed_270015,400.1862214031811,254.77022512948605,75.8800235109472,0.5505013486985476,36.739964209914405,0.65625,66.0,0.004417700052727014,all_eligible,env_inverse_processing_time,stage_A_fixed_instances,True,0,0,0,0,0,0,True
FIFO,medium,test,270015,medium_test_0015_seed_270015,356.17996811241613,186.36541618408623,11.672748831346471,0.619739137133553,31.21010254401111,0.65625,66.0,0.004227900004480034,all_eligible,env_inverse_processing_time,stage_A_fixed_instances,True,0,0,0,0,0,0,True
SPT,medium,test,270015,medium_test_0015_seed_270015,481.5903744302623,253.3517155560541,75.86238381155225,0.46266618549034333,44.9086023002785,0.65625,66.0,0.005850600020494312,all_eligible,env_inverse_processing_time,stage_A_fixed_instances,True,0,0,0,0,0,0,True
LPT,medium,test,270015,medium_test_0015_seed_270015,426.3205481053475,297.2637232703147,112.52956904162919,0.5218736844403279,32.611367032439865,0.65625,66.0,0.005679399997461587,all_eligible,env_inverse_processing_time,stage_A_fixed_instances,True,0,0,0,0,0,0,True
MinCandidateLoad,medium,test,270015,medium_test_0015_seed_270015,393.9357229226966,233.13061371446113,58.59695521974574,0.5601026985327079,41.503528650994596,0.65625,66.0,0.005778599996119738,all_eligible,env_inverse_processing_time,stage_A_fixed_instances,True,0,0,0,0,0,0,True
GreedyECT,medium,test,270015,medium_test_0015_seed_270015,373.88756075711603,195.8760747457394,27.797398953606788,0.5871509484531306,34.811069351262105,0.65625,66.0,0.009739100001752377,all_eligible,env_inverse_processing_time,stage_A_fixed_instances,True,0,0,0,0,0,0,True
Random,medium,test,270016,medium_test_0016_seed_270016,409.55265706785553,233.4761768148704,55.34416022147908,0.47343431406907205,48.16730173849581,0.640625,65.0,0.004115299961995333,all_eligible,env_inverse_processing_time,stage_A_fixed_instances,True,0,0,0,0,0,0,True
FIFO,medium,test,270016,medium_test_0016_seed_270016,346.214639709412,181.62089149384929,12.279272430102903,0.5591408151542875,51.08148668097542,0.640625,65.0,0.004524699994362891,all_eligible,env_inverse_processing_time,stage_A_fixed_instances,True,0,0,0,0,0,0,True
SPT,medium,test,270016,medium_test_0016_seed_270016,412.4655867810581,233.9427083491482,66.72337095164167,0.4675943755006596,47.0534843829412,0.640625,65.0,0.004914599994663149,all_eligible,env_inverse_processing_time,stage_A_fixed_instances,True,0,0,0,0,0,0,True
LPT,medium,test,270016,medium_test_0016_seed_270016,394.96559315178956,277.4413673628755,102.13654526123888,0.4868635249472676,46.52162216399932,0.640625,65.0,0.005774200020823628,all_eligible,env_inverse_processing_time,stage_A_fixed_instances,True,0,0,0,0,0,0,True
MinCandidateLoad,medium,test,270016,medium_test_0016_seed_270016,365.9330863202192,192.07145518146774,30.412306212645404,0.5222545444265193,49.17424140387083,0.640625,65.0,0.004890300042461604,all_eligible,env_inverse_processing_time,stage_A_fixed_instances,True,0,0,0,0,0,0,True
GreedyECT,medium,test,270016,medium_test_0016_seed_270016,364.1927516161197,178.0306267301943,18.493623872260102,0.5295231682573437,49.90405818427073,0.640625,65.0,0.007761700020637363,all_eligible,env_inverse_processing_time,stage_A_fixed_instances,True,0,0,0,0,0,0,True
Random,medium,test,270017,medium_test_0017_seed_270017,368.2363164027999,225.6874459228764,69.3235839105368,0.5408743910782934,63.796719264626965,0.78125,77.0,0.004309299984015524,all_eligible,env_inverse_processing_time,stage_A_fixed_instances,True,0,0,0,0,0,0,True
FIFO,medium,test,270017,medium_test_0017_seed_270017,298.85857489295563,162.3469608048422,7.226176989194685,0.6592259928385293,60.61269861461651,0.78125,77.0,0.0042721000500023365,all_eligible,env_inverse_processing_time,stage_A_fixed_instances,True,0,0,0,0,0,0,True
SPT,medium,test,270017,medium_test_0017_seed_270017,441.5605895943529,208.4867464145683,57.777542538799985,0.4448030471070971,59.35818548757677,0.78125,77.0,0.004867900046519935,all_eligible,env_inverse_processing_time,stage_A_fixed_instances,True,0,0,0,0,0,0,True
LPT,medium,test,270017,medium_test_0017_seed_270017,382.0603502897751,263.62863827839,109.81427788581416,0.5260284705687194,62.0888504458886,0.78125,77.0,0.005664900003466755,all_eligible,env_inverse_processing_time,stage_A_fixed_instances,True,0,0,0,0,0,0,True
MinCandidateLoad,medium,test,270017,medium_test_0017_seed_270017,348.37921209946524,187.3700626216716,37.056814181891305,0.5660328730214391,59.64234602434136,0.78125,77.0,0.004923800006508827,all_eligible,env_inverse_processing_time,stage_A_fixed_instances,True,0,0,0,0,0,0,True
GreedyECT,medium,test,270017,medium_test_0017_seed_270017,326.0585921621326,160.13584166622738,15.124304699269546,0.5990814931943808,63.58192996437212,0.78125,77.0,0.007452299993019551,all_eligible,env_inverse_processing_time,stage_A_fixed_instances,True,0,0,0,0,0,0,True
Random,medium,test,270018,medium_test_0018_seed_270018,360.6155263206589,221.01341419985584,66.00036000526828,0.5421654084907048,35.45127146354435,0.578125,61.0,0.004093300027307123,all_eligible,env_inverse_processing_time,stage_A_fixed_instances,True,0,0,0,0,0,0,True
FIFO,medium,test,270018,medium_test_0018_seed_270018,321.20878834957125,161.7907429218991,8.757555265857082,0.5948839102528118,41.51746987370688,0.578125,61.0,0.0040068000089377165,all_eligible,env_inverse_processing_time,stage_A_fixed_instances,True,0,0,0,0,0,0,True
SPT,medium,test,270018,medium_test_0018_seed_270018,366.7574689535753,191.9070088215884,41.365307081225325,0.525154664617798,34.2547864737454,0.578125,61.0,0.004609399999026209,all_eligible,env_inverse_processing_time,stage_A_fixed_instances,True,0,0,0,0,0,0,True
LPT,medium,test,270018,medium_test_0018_seed_270018,360.34175129929173,259.3281476016537,104.9650834892415,0.5307558318933507,44.59826362060703,0.578125,61.0,0.005529899965040386,all_eligible,env_inverse_processing_time,stage_A_fixed_instances,True,0,0,0,0,0,0,True
MinCandidateLoad,medium,test,270018,medium_test_0018_seed_270018,340.70364041662106,190.42420549200662,36.577465851160355,0.5643579401952997,42.479952335037204,0.578125,61.0,0.0045767000410705805,all_eligible,env_inverse_processing_time,stage_A_fixed_instances,True,0,0,0,0,0,0,True
GreedyECT,medium,test,270018,medium_test_0018_seed_270018,312.82965454133785,166.70217136631004,20.71366569837053,0.6133477139951072,44.16367783451013,0.578125,61.0,0.007124399999156594,all_eligible,env_inverse_processing_time,stage_A_fixed_instances,True,0,0,0,0,0,0,True
Random,medium,test,270019,medium_test_0019_seed_270019,404.1766676297494,194.15758992953096,32.06147002853987,0.48647119001908523,63.613718660347715,0.78125,73.0,0.003752599994186312,all_eligible,env_inverse_processing_time,stage_A_fixed_instances,True,0,0,0,0,0,0,True
FIFO,medium,test,270019,medium_test_0019_seed_270019,349.05383133306754,154.1291421552779,7.1664560870177,0.564656731650961,61.892455941185844,0.78125,73.0,0.003778400016017258,all_eligible,env_inverse_processing_time,stage_A_fixed_instances,True,0,0,0,0,0,0,True
SPT,medium,test,270019,medium_test_0019_seed_270019,507.54779348349297,209.9212734066856,61.35835178462638,0.3864440182133755,60.97588982020261,0.78125,73.0,0.0047426000237464905,all_eligible,env_inverse_processing_time,stage_A_fixed_instances,True,0,0,0,0,0,0,True
LPT,medium,test,270019,medium_test_0019_seed_270019,389.7520071874859,263.55443160252224,104.43045706746604,0.5074415587000075,58.525719009548226,0.78125,73.0,0.0053307999623939395,all_eligible,env_inverse_processing_time,stage_A_fixed_instances,True,0,0,0,0,0,0,True
MinCandidateLoad,medium,test,270019,medium_test_0019_seed_270019,360.25056905314125,178.53801597658844,33.5880903566992,0.5450394727690338,68.24627560824693,0.78125,73.0,0.004254000028595328,all_eligible,env_inverse_processing_time,stage_A_fixed_instances,True,0,0,0,0,0,0,True
GreedyECT,medium,test,270019,medium_test_0019_seed_270019,366.829813217651,155.1236812276969,15.167923302537604,0.5390778065540524,62.89104779806835,0.78125,73.0,0.006614200014155358,all_eligible,env_inverse_processing_time,stage_A_fixed_instances,True,0,0,0,0,0,0,True
Random,medium,test,270020,medium_test_0020_seed_270020,425.6697110816085,226.22043316460363,54.841568357651774,0.5090913433904447,106.90027357967878,0.59375,58.0,0.003741999971680343,all_eligible,env_inverse_processing_time,stage_A_fixed_instances,True,0,0,0,0,0,0,True
FIFO,medium,test,270020,medium_test_0020_seed_270020,429.1918128458876,192.8634437876656,20.925981550135766,0.5057282196512468,106.24809223307697,0.59375,58.0,0.0038569000316783786,all_eligible,env_inverse_processing_time,stage_A_fixed_instances,True,0,0,0,0,0,0,True
SPT,medium,test,270020,medium_test_0020_seed_270020,545.7224057244806,253.38405675802923,86.64353964498117,0.4011196513220602,103.1412003497943,0.59375,58.0,0.005341499985661358,all_eligible,env_inverse_processing_time,stage_A_fixed_instances,True,0,0,0,0,0,0,True
LPT,medium,test,270020,medium_test_0020_seed_270020,462.160512262607,299.3417786607044,127.85845591377758,0.47408182611734606,108.65712115425396,0.59375,58.0,0.005694899999070913,all_eligible,env_inverse_processing_time,stage_A_fixed_instances,True,0,0,0,0,0,0,True
MinCandidateLoad,medium,test,270020,medium_test_0020_seed_270020,416.29059861593294,235.019649450906,68.84118692215871,0.5205852375466876,107.64714724236934,0.59375,58.0,0.004844499984756112,all_eligible,env_inverse_processing_time,stage_A_fixed_instances,True,0,0,0,0,0,0,True
GreedyECT,medium,test,270020,medium_test_0020_seed_270020,420.70774384151593,193.70644447411524,30.021780663211796,0.5215738663046899,102.49870349131656,0.59375,58.0,0.007572599977720529,all_eligible,env_inverse_processing_time,stage_A_fixed_instances,True,0,0,0,0,0,0,True
Random,medium,test,270021,medium_test_0021_seed_270021,409.7006415752165,220.27123225061703,48.12841871925819,0.4507440176069757,46.51652075083285,0.75,82.0,0.0036972000380046666,all_eligible,env_inverse_processing_time,stage_A_fixed_instances,True,0,0,0,0,0,0,True
FIFO,medium,test,270021,medium_test_0021_seed_270021,324.771324921064,177.08815534753,10.41773014914368,0.5721271350567079,42.02271099934403,0.75,82.0,0.0036162000033073127,all_eligible,env_inverse_processing_time,stage_A_fixed_instances,True,0,0,0,0,0,0,True
SPT,medium,test,270021,medium_test_0021_seed_270021,467.17341139959956,207.34729236432034,38.005628638113734,0.39406877538858104,47.43611252450469,0.75,82.0,0.004087000037543476,all_eligible,env_inverse_processing_time,stage_A_fixed_instances,True,0,0,0,0,0,0,True
LPT,medium,test,270021,medium_test_0021_seed_270021,391.59727453231477,264.5145115987814,89.99009977554417,0.4756405414067334,41.60865271888865,0.75,82.0,0.005219300044700503,all_eligible,env_inverse_processing_time,stage_A_fixed_instances,True,0,0,0,0,0,0,True
MinCandidateLoad,medium,test,270021,medium_test_0021_seed_270021,354.3992558783602,198.91634551478882,33.90038438872584,0.5186142768022657,47.82228225912203,0.75,82.0,0.004139899974688888,all_eligible,env_inverse_processing_time,stage_A_fixed_instances,True,0,0,0,0,0,0,True
GreedyECT,medium,test,270021,medium_test_0021_seed_270021,382.51631561495196,175.64193500048503,13.8169992142976,0.4877706399957496,45.45820637001301,0.75,82.0,0.005965799966361374,all_eligible,env_inverse_processing_time,stage_A_fixed_instances,True,0,0,0,0,0,0,True
Random,medium,test,270022,medium_test_0022_seed_270022,407.07908223582996,199.25672333008276,37.93308025115983,0.536728540876245,64.61291124941452,0.65625,67.0,0.004247700038831681,all_eligible,env_inverse_processing_time,stage_A_fixed_instances,True,0,0,0,0,0,0,True
FIFO,medium,test,270022,medium_test_0022_seed_270022,365.4065868062831,168.39118476847722,9.679367721895542,0.599592228436151,63.97670770825066,0.65625,67.0,0.004089899943210185,all_eligible,env_inverse_processing_time,stage_A_fixed_instances,True,0,0,0,0,0,0,True
SPT,medium,test,270022,medium_test_0022_seed_270022,493.30025405794987,243.89473462677057,83.63819909972011,0.4484942737106086,74.24419869749546,0.65625,67.0,0.004633100004866719,all_eligible,env_inverse_processing_time,stage_A_fixed_instances,True,0,0,0,0,0,0,True
LPT,medium,test,270022,medium_test_0022_seed_270022,455.3604864803726,301.4290416440883,127.16927684207626,0.4785936666418866,73.0477988852964,0.65625,67.0,0.005306600010953844,all_eligible,env_inverse_processing_time,stage_A_fixed_instances,True,0,0,0,0,0,0,True
MinCandidateLoad,medium,test,270022,medium_test_0022_seed_270022,397.31811590787,204.7033980491701,49.8716091559748,0.5470345627475671,71.66798217745291,0.65625,67.0,0.004408300039358437,all_eligible,env_inverse_processing_time,stage_A_fixed_instances,True,0,0,0,0,0,0,True
GreedyECT,medium,test,270022,medium_test_0022_seed_270022,402.3633836704296,174.27213175155876,25.172983175926753,0.5402194630385498,67.0929643659627,0.65625,67.0,0.007254399999510497,all_eligible,env_inverse_processing_time,stage_A_fixed_instances,True,0,0,0,0,0,0,True
Random,medium,test,270023,medium_test_0023_seed_270023,346.64576693523804,194.39701519432776,29.028664635509024,0.5012428572948368,47.935666412267395,0.5625,68.0,0.0036265000235289335,all_eligible,env_inverse_processing_time,stage_A_fixed_instances,True,0,0,0,0,0,0,True
FIFO,medium,test,270023,medium_test_0023_seed_270023,329.4289547131551,173.83502093493104,6.531119244517251,0.52966204933415,48.72365348073555,0.5625,68.0,0.0036675999872386456,all_eligible,env_inverse_processing_time,stage_A_fixed_instances,True,0,0,0,0,0,0,True
SPT,medium,test,270023,medium_test_0023_seed_270023,410.4437472543608,217.28211692406208,53.043169910758245,0.42673121076081505,48.51853230991836,0.5625,68.0,0.004593499994371086,all_eligible,env_inverse_processing_time,stage_A_fixed_instances,True,0,0,0,0,0,0,True
LPT,medium,test,270023,medium_test_0023_seed_270023,415.0414577286392,262.07554118679633,89.92204739715962,0.4172721501139812,54.03777996594202,0.5625,68.0,0.0052606999524869025,all_eligible,env_inverse_processing_time,stage_A_fixed_instances,True,0,0,0,0,0,0,True
MinCandidateLoad,medium,test,270023,medium_test_0023_seed_270023,329.4289547131551,186.5026718125336,24.063019826112004,0.5215091439737608,57.93854495322671,0.5625,68.0,0.0043141000205650926,all_eligible,env_inverse_processing_time,stage_A_fixed_instances,True,0,0,0,0,0,0,True
GreedyECT,medium,test,270023,medium_test_0023_seed_270023,350.87895471315517,173.4575209487525,12.695744121263068,0.4932749574776848,56.40116437283573,0.5625,68.0,0.006478299968875945,all_eligible,env_inverse_processing_time,stage_A_fixed_instances,True,0,0,0,0,0,0,True
Random,medium,test,270024,medium_test_0024_seed_270024,373.46529037204283,212.69079442342968,58.83803254162833,0.5242604879692312,70.59863149169658,0.765625,74.0,0.0036361999809741974,all_eligible,env_inverse_processing_time,stage_A_fixed_instances,True,0,0,0,0,0,0,True
FIFO,medium,test,270024,medium_test_0024_seed_270024,312.80464432296617,159.5822948610992,8.797466035223785,0.6208351566878616,64.99062398552208,0.765625,74.0,0.0036327000125311315,all_eligible,env_inverse_processing_time,stage_A_fixed_instances,True,0,0,0,0,0,0,True
SPT,medium,test,270024,medium_test_0024_seed_270024,411.9330576992147,206.9764036457395,53.9281379214452,0.4734970366597405,67.53742293601677,0.765625,74.0,0.004771100007928908,all_eligible,env_inverse_processing_time,stage_A_fixed_instances,True,0,0,0,0,0,0,True
LPT,medium,test,270024,medium_test_0024_seed_270024,407.9895332792925,277.34283511326134,122.16737058771142,0.48255994848831785,66.35606554629545,0.765625,74.0,0.0053884999942965806,all_eligible,env_inverse_processing_time,stage_A_fixed_instances,True,0,0,0,0,0,0,True
MinCandidateLoad,medium,test,270024,medium_test_0024_seed_270024,346.9835332794302,181.8281694360865,32.779635910073374,0.5613519317248848,64.89903027969088,0.765625,74.0,0.004304700007196516,all_eligible,env_inverse_processing_time,stage_A_fixed_instances,True,0,0,0,0,0,0,True
GreedyECT,medium,test,270024,medium_test_0024_seed_270024,353.9534258934764,164.20095445332177,20.06371156680934,0.5463536036614651,66.71949927738837,0.765625,74.0,0.007859700010158122,all_eligible,env_inverse_processing_time,stage_A_fixed_instances,True,0,0,0,0,0,0,True
Random,medium,test,270025,medium_test_0025_seed_270025,368.51968565052005,207.5630149912414,42.659683810272575,0.4931524426791338,44.93763964413102,0.59375,50.0,0.003805499989539385,all_eligible,env_inverse_processing_time,stage_A_fixed_instances,True,0,0,0,0,0,0,True
FIFO,medium,test,270025,medium_test_0025_seed_270025,332.3938315636457,162.60674924471957,6.469232413046786,0.542793221671809,56.566788765684734,0.59375,50.0,0.0035257000126875937,all_eligible,env_inverse_processing_time,stage_A_fixed_instances,True,0,0,0,0,0,0,True
SPT,medium,test,270025,medium_test_0025_seed_270025,357.38916940949883,203.9303189628937,47.7081777297991,0.5018868408217174,49.97112176897707,0.59375,50.0,0.004604400019161403,all_eligible,env_inverse_processing_time,stage_A_fixed_instances,True,0,0,0,0,0,0,True
LPT,medium,test,270025,medium_test_0025_seed_270025,380.92473194906006,262.48426992025594,102.31960445642162,0.4849968268362104,39.484389612931224,0.59375,50.0,0.005273699993267655,all_eligible,env_inverse_processing_time,stage_A_fixed_instances,True,0,0,0,0,0,0,True
MinCandidateLoad,medium,test,270025,medium_test_0025_seed_270025,351.5303215202915,194.6051055583622,38.51743124370317,0.5148391736428981,47.23121148802479,0.59375,50.0,0.004410599998664111,all_eligible,env_inverse_processing_time,stage_A_fixed_instances,True,0,0,0,0,0,0,True
GreedyECT,medium,test,270025,medium_test_0025_seed_270025,346.8429444941493,165.29285657827043,13.15246123427469,0.5152785566498668,50.89451662397193,0.59375,50.0,0.0062210000469349325,all_eligible,env_inverse_processing_time,stage_A_fixed_instances,True,0,0,0,0,0,0,True
Random,medium,test,270026,medium_test_0026_seed_270026,399.7761602542182,223.5401378688232,63.40818694641083,0.45983559328016,17.751221362082536,0.578125,56.0,0.003870300017297268,all_eligible,env_inverse_processing_time,stage_A_fixed_instances,True,0,0,0,0,0,0,True
FIFO,medium,test,270026,medium_test_0026_seed_270026,310.43947273286267,157.66072937574586,5.432220159582748,0.579536386328163,32.74628530428936,0.578125,56.0,0.003464599954895675,all_eligible,env_inverse_processing_time,stage_A_fixed_instances,True,0,0,0,0,0,0,True
SPT,medium,test,270026,medium_test_0026_seed_270026,362.85720496463097,211.97556660157085,56.497576848750754,0.4974758742277042,34.51323619362401,0.578125,56.0,0.0043824000167660415,all_eligible,env_inverse_processing_time,stage_A_fixed_instances,True,0,0,0,0,0,0,True
LPT,medium,test,270026,medium_test_0026_seed_270026,366.2346863715136,256.0530839499383,92.31620045484902,0.5032297901035937,38.01128598771026,0.578125,56.0,0.00526559998979792,all_eligible,env_inverse_processing_time,stage_A_fixed_instances,True,0,0,0,0,0,0,True
MinCandidateLoad,medium,test,270026,medium_test_0026_seed_270026,322.5794977753275,179.1232846203673,23.395452267483765,0.555836741977655,37.65421034925076,0.578125,56.0,0.004185799974948168,all_eligible,env_inverse_processing_time,stage_A_fixed_instances,True,0,0,0,0,0,0,True
GreedyECT,medium,test,270026,medium_test_0026_seed_270026,317.17747273286267,159.22535774810387,10.138007626505829,0.5643584243562197,33.849553455082734,0.578125,56.0,0.005949899961706251,all_eligible,env_inverse_processing_time,stage_A_fixed_instances,True,0,0,0,0,0,0,True
Random,medium,test,270027,medium_test_0027_seed_270027,490.5923380856259,242.10222390788425,72.86721973175071,0.45067957420803445,107.4462426860306,0.59375,57.0,0.003719799977261573,all_eligible,env_inverse_processing_time,stage_A_fixed_instances,True,0,0,0,0,0,0,True
FIFO,medium,test,270027,medium_test_0027_seed_270027,423.012220872306,201.34312969998672,32.089725481152335,0.5074610841519769,111.19183333882847,0.59375,57.0,0.004041899985168129,all_eligible,env_inverse_processing_time,stage_A_fixed_instances,True,0,0,0,0,0,0,True
SPT,medium,test,270027,medium_test_0027_seed_270027,532.6973381827238,243.2442425176419,76.22060341469316,0.4062698446496459,107.32245347102781,0.59375,57.0,0.0045797000057064,all_eligible,env_inverse_processing_time,stage_A_fixed_instances,True,0,0,0,0,0,0,True
LPT,medium,test,270027,medium_test_0027_seed_270027,515.65579512499,307.68671193263077,133.35384992619265,0.4218985536593871,108.56628559386255,0.59375,57.0,0.005148999975062907,all_eligible,env_inverse_processing_time,stage_A_fixed_instances,True,0,0,0,0,0,0,True
MinCandidateLoad,medium,test,270027,medium_test_0027_seed_270027,468.71984602682943,232.1458971383433,58.67079674294394,0.45859039387096795,111.7030844965335,0.59375,57.0,0.004972500028088689,all_eligible,env_inverse_processing_time,stage_A_fixed_instances,True,0,0,0,0,0,0,True
GreedyECT,medium,test,270027,medium_test_0027_seed_270027,459.97388890943876,198.93692608815536,38.3426828470207,0.47608454731201755,105.85944722621501,0.59375,57.0,0.008038100029807538,all_eligible,env_inverse_processing_time,stage_A_fixed_instances,True,0,0,0,0,0,0,True
Random,medium,test,270028,medium_test_0028_seed_270028,348.51419425447364,208.07461195466385,50.12026707693875,0.5667793377109535,48.40487826331914,0.546875,54.0,0.003745800000615418,all_eligible,env_inverse_processing_time,stage_A_fixed_instances,True,0,0,0,0,0,0,True
FIFO,medium,test,270028,medium_test_0028_seed_270028,350.19940633944924,164.46029032236882,5.814402869706256,0.5520509610923386,66.17717186300997,0.546875,54.0,0.004109600035008043,all_eligible,env_inverse_processing_time,stage_A_fixed_instances,True,0,0,0,0,0,0,True
SPT,medium,test,270028,medium_test_0028_seed_270028,498.7735800133553,228.44761174927612,66.346816234568,0.396796103057253,61.11442692928694,0.546875,54.0,0.004684600047767162,all_eligible,env_inverse_processing_time,stage_A_fixed_instances,True,0,0,0,0,0,0,True
LPT,medium,test,270028,medium_test_0028_seed_270028,374.5781286765495,280.17206550693624,120.50314043902287,0.526326505384447,51.46114628592921,0.546875,54.0,0.005396000051405281,all_eligible,env_inverse_processing_time,stage_A_fixed_instances,True,0,0,0,0,0,0,True
MinCandidateLoad,medium,test,270028,medium_test_0028_seed_270028,364.2598004346455,217.24284577874099,59.59230409587965,0.532742450252409,64.2032567692903,0.546875,54.0,0.0050962999812327325,all_eligible,env_inverse_processing_time,stage_A_fixed_instances,True,0,0,0,0,0,0,True
GreedyECT,medium,test,270028,medium_test_0028_seed_270028,348.02484391912566,163.91131266930483,14.034353351683642,0.5555100380417699,57.61380306772292,0.546875,54.0,0.006595199985895306,all_eligible,env_inverse_processing_time,stage_A_fixed_instances,True,0,0,0,0,0,0,True
Random,medium,test,270029,medium_test_0029_seed_270029,394.8758068421707,218.02848922244948,52.922787094995506,0.48289419270908884,51.042434332346154,0.734375,76.0,0.0035617999965325,all_eligible,env_inverse_processing_time,stage_A_fixed_instances,True,0,0,0,0,0,0,True
FIFO,medium,test,270029,medium_test_0029_seed_270029,348.60616658549776,174.7762907714789,9.673887783403377,0.5425075390372321,64.70091659402746,0.734375,76.0,0.003650299971923232,all_eligible,env_inverse_processing_time,stage_A_fixed_instances,True,0,0,0,0,0,0,True
SPT,medium,test,270029,medium_test_0029_seed_270029,444.5086745583792,211.04914386635662,48.736327743346074,0.4317585548402402,45.78651417239091,0.734375,76.0,0.00480930000776425,all_eligible,env_inverse_processing_time,stage_A_fixed_instances,True,0,0,0,0,0,0,True
LPT,medium,test,270029,medium_test_0029_seed_270029,388.31504368690173,283.2903533406682,103.9365078312578,0.5009027843855788,53.4680967790943,0.734375,76.0,0.005329999956302345,all_eligible,env_inverse_processing_time,stage_A_fixed_instances,True,0,0,0,0,0,0,True
MinCandidateLoad,medium,test,270029,medium_test_0029_seed_270029,361.4941665854978,200.89033450418947,38.512870142256205,0.5270758031462424,51.88137310467293,0.734375,76.0,0.004636100027710199,all_eligible,env_inverse_processing_time,stage_A_fixed_instances,True,0,0,0,0,0,0,True
GreedyECT,medium,test,270029,medium_test_0029_seed_270029,360.74627755119343,174.18158481921645,15.5876787328845,0.5336593689865324,60.41993383246941,0.734375,76.0,0.007445199997164309,all_eligible,env_inverse_processing_time,stage_A_fixed_instances,True,0,0,0,0,0,0,True
Random,medium,test,270030,medium_test_0030_seed_270030,434.4316142105175,201.90866282296855,33.39980693673964,0.46168624572611405,74.53779153800018,0.625,58.0,0.0035259000142104924,all_eligible,env_inverse_processing_time,stage_A_fixed_instances,True,0,0,0,0,0,0,True
FIFO,medium,test,270030,medium_test_0030_seed_270030,396.6774212055991,179.35623462835764,13.061722200850692,0.5013393166213186,78.49032804703234,0.625,58.0,0.0034670999739319086,all_eligible,env_inverse_processing_time,stage_A_fixed_instances,True,0,0,0,0,0,0,True
SPT,medium,test,270030,medium_test_0030_seed_270030,522.4651396736654,236.73237841848544,67.38799618805436,0.38080327531422503,75.64524823505124,0.625,58.0,0.004840599955059588,all_eligible,env_inverse_processing_time,stage_A_fixed_instances,True,0,0,0,0,0,0,True
LPT,medium,test,270030,medium_test_0030_seed_270030,434.4759367838524,280.39085934150796,111.71215388552824,0.4612143403250761,82.41080148092284,0.625,58.0,0.005107800010591745,all_eligible,env_inverse_processing_time,stage_A_fixed_instances,True,0,0,0,0,0,0,True
MinCandidateLoad,medium,test,270030,medium_test_0030_seed_270030,442.9639213427923,211.73835523836541,42.05008673606022,0.45082004378456003,78.70416117723433,0.625,58.0,0.004278299980796874,all_eligible,env_inverse_processing_time,stage_A_fixed_instances,True,0,0,0,0,0,0,True
GreedyECT,medium,test,270030,medium_test_0030_seed_270030,423.4246329053617,179.44689555625024,17.15785318604931,0.478857426598223,78.50912516457312,0.625,58.0,0.012996100005693734,all_eligible,env_inverse_processing_time,stage_A_fixed_instances,True,0,0,0,0,0,0,True
Random,medium,test,270031,medium_test_0031_seed_270031,366.13797975479974,229.54939832048484,69.60843665951276,0.5302648419224043,46.63183415736452,0.59375,57.0,0.0045529999770224094,all_eligible,env_inverse_processing_time,stage_A_fixed_instances,True,0,0,0,0,0,0,True
FIFO,medium,test,270031,medium_test_0031_seed_270031,311.0389112611153,171.473654442212,12.141070668815384,0.6227694523526004,41.98761455192901,0.59375,57.0,0.00470109999878332,all_eligible,env_inverse_processing_time,stage_A_fixed_instances,True,0,0,0,0,0,0,True
SPT,medium,test,270031,medium_test_0031_seed_270031,464.6204380668413,219.37154250745772,58.30476099275414,0.4228996599519186,48.43905626359274,0.59375,57.0,0.005203599983360618,all_eligible,env_inverse_processing_time,stage_A_fixed_instances,True,0,0,0,0,0,0,True
LPT,medium,test,270031,medium_test_0031_seed_270031,388.25139566807087,246.4882418501319,87.42411365900321,0.5032535460038358,49.80581972786907,0.59375,57.0,0.005877999996300787,all_eligible,env_inverse_processing_time,stage_A_fixed_instances,True,0,0,0,0,0,0,True
MinCandidateLoad,medium,test,270031,medium_test_0031_seed_270031,380.99832416590334,199.21061381537595,39.23312081328416,0.5119255298821597,45.3854345170001,0.59375,57.0,0.0057894999627023935,all_eligible,env_inverse_processing_time,stage_A_fixed_instances,True,0,0,0,0,0,0,True
GreedyECT,medium,test,270031,medium_test_0031_seed_270031,341.4765573286539,172.18201527409434,19.954970199059666,0.560273241272668,44.38098535763212,0.59375,57.0,0.008151299960445613,all_eligible,env_inverse_processing_time,stage_A_fixed_instances,True,0,0,0,0,0,0,True
Random,medium,test,270032,medium_test_0032_seed_270032,400.0228596987508,222.92231399862467,50.51174700916576,0.4881600978493815,52.308433082583676,0.65625,66.0,0.004422099969815463,all_eligible,env_inverse_processing_time,stage_A_fixed_instances,True,0,0,0,0,0,0,True
FIFO,medium,test,270032,medium_test_0032_seed_270032,349.763468576935,178.83823807379517,13.833893031291051,0.5525102461749254,52.732319622720205,0.65625,66.0,0.004199399962089956,all_eligible,env_inverse_processing_time,stage_A_fixed_instances,True,0,0,0,0,0,0,True
SPT,medium,test,270032,medium_test_0032_seed_270032,419.9018304289763,217.7650238343375,56.04513236735751,0.46495478945703195,56.18419796523327,0.65625,66.0,0.004937399993650615,all_eligible,env_inverse_processing_time,stage_A_fixed_instances,True,0,0,0,0,0,0,True
LPT,medium,test,270032,medium_test_0032_seed_270032,410.22078853172843,267.00587977769385,97.85558450775386,0.4756206594811931,57.551554435562835,0.65625,66.0,0.0056671000202186406,all_eligible,env_inverse_processing_time,stage_A_fixed_instances,True,0,0,0,0,0,0,True
MinCandidateLoad,medium,test,270032,medium_test_0032_seed_270032,402.8072456231168,213.18957780494247,44.33924337974486,0.4764036455660629,61.47358391195518,0.65625,66.0,0.005183500004932284,all_eligible,env_inverse_processing_time,stage_A_fixed_instances,True,0,0,0,0,0,0,True
GreedyECT,medium,test,270032,medium_test_0032_seed_270032,364.0030772244603,180.92296205266604,23.071572391101213,0.5303962276732248,50.96707076199221,0.65625,66.0,0.007917199982330203,all_eligible,env_inverse_processing_time,stage_A_fixed_instances,True,0,0,0,0,0,0,True
Random,medium,test,270033,medium_test_0033_seed_270033,391.97101473939466,221.26404740843307,51.09738807779525,0.52894957010908,43.523096371874146,0.734375,68.0,0.004310199990868568,all_eligible,env_inverse_processing_time,stage_A_fixed_instances,True,0,0,0,0,0,0,True
FIFO,medium,test,270033,medium_test_0033_seed_270033,342.3967021432683,166.8003830447871,7.747506770573733,0.5893979063436215,54.18110603555644,0.734375,68.0,0.004027399991173297,all_eligible,env_inverse_processing_time,stage_A_fixed_instances,True,0,0,0,0,0,0,True
SPT,medium,test,270033,medium_test_0033_seed_270033,441.3236853575249,240.6516489877529,76.23054251550549,0.46384897460735314,34.15861099600844,0.734375,68.0,0.00516629999037832,all_eligible,env_inverse_processing_time,stage_A_fixed_instances,True,0,0,0,0,0,0,True
LPT,medium,test,270033,medium_test_0033_seed_270033,381.0982541128812,260.1804817061807,84.88650325775242,0.5362829025836539,40.826175842382625,0.734375,68.0,0.0056226999731734395,all_eligible,env_inverse_processing_time,stage_A_fixed_instances,True,0,0,0,0,0,0,True
MinCandidateLoad,medium,test,270033,medium_test_0033_seed_270033,358.6208139731527,187.658984250646,28.45339496922281,0.5636336450680027,46.64230108060795,0.734375,68.0,0.004787200014106929,all_eligible,env_inverse_processing_time,stage_A_fixed_instances,True,0,0,0,0,0,0,True
GreedyECT,medium,test,270033,medium_test_0033_seed_270033,343.42689345788364,172.6089185392427,19.456020407967483,0.5929407111177781,29.985467495649104,0.734375,68.0,0.007517299964092672,all_eligible,env_inverse_processing_time,stage_A_fixed_instances,True,0,0,0,0,0,0,True
Random,medium,test,270034,medium_test_0034_seed_270034,409.8618855607096,237.39176276248668,78.40142772334723,0.47733429642246084,69.51295058004455,0.609375,66.0,0.0047910999855957925,all_eligible,env_inverse_processing_time,stage_A_fixed_instances,True,0,0,0,0,0,0,True
FIFO,medium,test,270034,medium_test_0034_seed_270034,338.9753575648866,172.91622647130103,16.045944047144186,0.5853094165132463,67.00220895375018,0.609375,66.0,0.004659300029743463,all_eligible,env_inverse_processing_time,stage_A_fixed_instances,True,0,0,0,0,0,0,True
SPT,medium,test,270034,medium_test_0034_seed_270034,501.8734301350324,229.39093096003825,73.04035536503645,0.3967771614827115,76.69129320798268,0.609375,66.0,0.005260700010694563,all_eligible,env_inverse_processing_time,stage_A_fixed_instances,True,0,0,0,0,0,0,True
LPT,medium,test,270034,medium_test_0034_seed_270034,405.650853469403,275.92795021225186,114.82482558908033,0.48955063321643955,70.04436879257584,0.609375,66.0,0.006157300027552992,all_eligible,env_inverse_processing_time,stage_A_fixed_instances,True,0,0,0,0,0,0,True
MinCandidateLoad,medium,test,270034,medium_test_0034_seed_270034,369.7631915203553,192.2289747934112,37.81309913415063,0.5343488045189624,67.58736405132879,0.609375,66.0,0.005095599975902587,all_eligible,env_inverse_processing_time,stage_A_fixed_instances,True,0,0,0,0,0,0,True
GreedyECT,medium,test,270034,medium_test_0034_seed_270034,406.810842602299,176.56270396256198,28.406717022745752,0.48164248760512973,71.95054973581365,0.609375,66.0,0.007644099998287857,all_eligible,env_inverse_processing_time,stage_A_fixed_instances,True,0,0,0,0,0,0,True
Random,medium,test,270035,medium_test_0035_seed_270035,365.22129849598673,220.53439968886332,55.222291893878015,0.5395078741439777,69.89538468072706,0.703125,67.0,0.004324599984101951,all_eligible,env_inverse_processing_time,stage_A_fixed_instances,True,0,0,0,0,0,0,True
FIFO,medium,test,270035,medium_test_0035_seed_270035,303.0500723119813,181.1888995323097,12.0216090772843,0.6568758230334596,63.44000683805794,0.703125,67.0,0.004136000003200024,all_eligible,env_inverse_processing_time,stage_A_fixed_instances,True,0,0,0,0,0,0,True
SPT,medium,test,270035,medium_test_0035_seed_270035,449.77893631038796,247.81763958127746,74.47514055314225,0.44150374184023966,72.04945247501328,0.703125,67.0,0.005142899986822158,all_eligible,env_inverse_processing_time,stage_A_fixed_instances,True,0,0,0,0,0,0,True
LPT,medium,test,270035,medium_test_0035_seed_270035,414.6257303245845,284.18611711871387,100.98038851548098,0.4803033776117803,64.94544172202802,0.703125,67.0,0.00588929996592924,all_eligible,env_inverse_processing_time,stage_A_fixed_instances,True,0,0,0,0,0,0,True
MinCandidateLoad,medium,test,270035,medium_test_0035_seed_270035,385.6642535634457,218.04562823261216,53.83510631134968,0.5139201577387759,65.65929843795566,0.703125,67.0,0.004919599974527955,all_eligible,env_inverse_processing_time,stage_A_fixed_instances,True,0,0,0,0,0,0,True
GreedyECT,medium,test,270035,medium_test_0035_seed_270035,351.12446827701655,184.5055328022448,22.831159996615924,0.5674895852621697,65.24848605546663,0.703125,67.0,0.007964499993249774,all_eligible,env_inverse_processing_time,stage_A_fixed_instances,True,0,0,0,0,0,0,True
Random,medium,test,270036,medium_test_0036_seed_270036,373.9286725210066,212.41784287144935,49.29597732427674,0.5461296490711304,38.31692667081571,0.625,61.0,0.0052361999987624586,all_eligible,env_inverse_processing_time,stage_A_fixed_instances,True,0,0,0,0,0,0,True
FIFO,medium,test,270036,medium_test_0036_seed_270036,302.7972170255633,168.57675603671527,7.859295780559292,0.6655248431598557,42.448731022834366,0.625,61.0,0.003971399972215295,all_eligible,env_inverse_processing_time,stage_A_fixed_instances,True,0,0,0,0,0,0,True
SPT,medium,test,270036,medium_test_0036_seed_270036,382.20904794418544,216.24177855147315,56.415857352801815,0.5287754722260607,41.777019305062254,0.625,61.0,0.005047600017860532,all_eligible,env_inverse_processing_time,stage_A_fixed_instances,True,0,0,0,0,0,0,True
LPT,medium,test,270036,medium_test_0036_seed_270036,367.92023011790945,262.24879667896016,92.2433328890268,0.5501107027295492,44.857643357951495,0.625,61.0,0.006842600007075816,all_eligible,env_inverse_processing_time,stage_A_fixed_instances,True,0,0,0,0,0,0,True
MinCandidateLoad,medium,test,270036,medium_test_0036_seed_270036,369.8916119909304,203.5133860503685,45.5540163624382,0.5465837380883568,39.22935707857124,0.625,61.0,0.004880900029093027,all_eligible,env_inverse_processing_time,stage_A_fixed_instances,True,0,0,0,0,0,0,True
GreedyECT,medium,test,270036,medium_test_0036_seed_270036,318.9062380554006,173.23681504934356,19.164033281850227,0.6349985900348736,31.97698087598624,0.625,61.0,0.007828100002370775,all_eligible,env_inverse_processing_time,stage_A_fixed_instances,True,0,0,0,0,0,0,True
Random,medium,test,270037,medium_test_0037_seed_270037,342.05890900195755,211.86418634369437,57.61406668411116,0.539483084418051,34.71083399451949,0.71875,70.0,0.004667900037020445,all_eligible,env_inverse_processing_time,stage_A_fixed_instances,True,0,0,0,0,0,0,True
FIFO,medium,test,270037,medium_test_0037_seed_270037,281.9068712629321,148.36545403101934,3.721240592234351,0.6373443011061086,25.27794929246393,0.71875,70.0,0.0038819999899715185,all_eligible,env_inverse_processing_time,stage_A_fixed_instances,True,0,0,0,0,0,0,True
SPT,medium,test,270037,medium_test_0037_seed_270037,358.9069056520483,190.7337441903148,38.396690437528385,0.5031648000396971,25.592552747683158,0.71875,70.0,0.004940400016494095,all_eligible,env_inverse_processing_time,stage_A_fixed_instances,True,0,0,0,0,0,0,True
LPT,medium,test,270037,medium_test_0037_seed_270037,366.66025542276805,254.18551543062307,103.25713247053051,0.49313592413895363,27.481292746789787,0.71875,70.0,0.0061941000167280436,all_eligible,env_inverse_processing_time,stage_A_fixed_instances,True,0,0,0,0,0,0,True
MinCandidateLoad,medium,test,270037,medium_test_0037_seed_270037,321.8228273770958,165.03752009219352,18.06947803218462,0.5598815265252544,27.444616501456405,0.71875,70.0,0.004639499995391816,all_eligible,env_inverse_processing_time,stage_A_fixed_instances,True,0,0,0,0,0,0,True
GreedyECT,medium,test,270037,medium_test_0037_seed_270037,281.9068712629321,149.29534876498133,6.395112567534637,0.6353298308691026,20.479546066310505,0.71875,70.0,0.006390900001861155,all_eligible,env_inverse_processing_time,stage_A_fixed_instances,True,0,0,0,0,0,0,True
Random,medium,test,270038,medium_test_0038_seed_270038,393.3574345876507,220.26354667082387,52.481115128733336,0.5167063737549429,34.62532973888148,0.65625,63.0,0.004353800031822175,all_eligible,env_inverse_processing_time,stage_A_fixed_instances,True,0,0,0,0,0,0,True
FIFO,medium,test,270038,medium_test_0038_seed_270038,350.34448166555114,171.1521640459111,6.953358291454833,0.5703207955525487,56.27012230025934,0.65625,63.0,0.0038562000263482332,all_eligible,env_inverse_processing_time,stage_A_fixed_instances,True,0,0,0,0,0,0,True
SPT,medium,test,270038,medium_test_0038_seed_270038,406.7208446289318,213.84375361513534,47.8976614130892,0.49335743840229024,37.67835372904384,0.65625,63.0,0.004699499986600131,all_eligible,env_inverse_processing_time,stage_A_fixed_instances,True,0,0,0,0,0,0,True
LPT,medium,test,270038,medium_test_0038_seed_270038,388.86515535617303,280.11967020291837,112.84410495789344,0.522872505554608,33.47739741329607,0.65625,63.0,0.0057963000144809484,all_eligible,env_inverse_processing_time,stage_A_fixed_instances,True,0,0,0,0,0,0,True
MinCandidateLoad,medium,test,270038,medium_test_0038_seed_270038,349.31736695683884,192.57214345829235,31.482668635981035,0.5646522736310735,61.593289392474404,0.65625,63.0,0.004424899991136044,all_eligible,env_inverse_processing_time,stage_A_fixed_instances,True,0,0,0,0,0,0,True
GreedyECT,medium,test,270038,medium_test_0038_seed_270038,354.2663377924504,177.89703252474283,18.290095649656312,0.5576912620381698,40.2211269590531,0.65625,63.0,0.00669379997998476,all_eligible,env_inverse_processing_time,stage_A_fixed_instances,True,0,0,0,0,0,0,True
Random,medium,test,270039,medium_test_0039_seed_270039,416.91004894071386,240.20690620706895,67.06770544637384,0.5432209271101167,58.36605054778993,0.703125,66.0,0.0039787000278010964,all_eligible,env_inverse_processing_time,stage_A_fixed_instances,True,0,0,0,0,0,0,True
FIFO,medium,test,270039,medium_test_0039_seed_270039,326.73204392545415,184.29541631299034,16.836743814802134,0.6858484812458527,54.461568133493586,0.703125,66.0,0.004123500024434179,all_eligible,env_inverse_processing_time,stage_A_fixed_instances,True,0,0,0,0,0,0,True
SPT,medium,test,270039,medium_test_0039_seed_270039,461.82638565891784,238.68839760050577,74.74246080072618,0.4787887605953687,57.612810035799065,0.703125,66.0,0.0046165999956429005,all_eligible,env_inverse_processing_time,stage_A_fixed_instances,True,0,0,0,0,0,0,True
LPT,medium,test,270039,medium_test_0039_seed_270039,406.97539331207855,290.41450977861723,116.07953820141464,0.5417126655505873,58.401244854917486,0.703125,66.0,0.005149199976585805,all_eligible,env_inverse_processing_time,stage_A_fixed_instances,True,0,0,0,0,0,0,True
MinCandidateLoad,medium,test,270039,medium_test_0039_seed_270039,378.65322804940547,222.36831826867382,60.284329470336885,0.5887951861280872,52.79094983209265,0.703125,66.0,0.0047509000287391245,all_eligible,env_inverse_processing_time,stage_A_fixed_instances,True,0,0,0,0,0,0,True
GreedyECT,medium,test,270039,medium_test_0039_seed_270039,377.22039521729226,184.99187573866845,27.37088760123726,0.5880393328098438,52.78035248680001,0.703125,66.0,0.007771299977321178,all_eligible,env_inverse_processing_time,stage_A_fixed_instances,True,0,0,0,0,0,0,True
Random,medium,test,270040,medium_test_0040_seed_270040,370.89614671631585,212.682891764079,43.95206562897923,0.5167941101955211,32.06812289091912,0.65625,68.0,0.00361509999493137,all_eligible,env_inverse_processing_time,stage_A_fixed_instances,True,0,0,0,0,0,0,True
FIFO,medium,test,270040,medium_test_0040_seed_270040,320.24010372784164,168.88541179612793,9.253404717409214,0.5935456742107298,43.41740951261783,0.65625,68.0,0.003782199986744672,all_eligible,env_inverse_processing_time,stage_A_fixed_instances,True,0,0,0,0,0,0,True
SPT,medium,test,270040,medium_test_0040_seed_270040,394.76458108634887,209.38437915825523,50.44514603090025,0.48399849709906373,42.96945723975223,0.65625,68.0,0.004444300022441894,all_eligible,env_inverse_processing_time,stage_A_fixed_instances,True,0,0,0,0,0,0,True
LPT,medium,test,270040,medium_test_0040_seed_270040,399.20222935302803,271.64412826361485,103.4046686215672,0.4874925416876897,48.78391190800986,0.65625,68.0,0.005249599984381348,all_eligible,env_inverse_processing_time,stage_A_fixed_instances,True,0,0,0,0,0,0,True
MinCandidateLoad,medium,test,270040,medium_test_0040_seed_270040,359.6568494602833,181.73416261393325,27.24343827729713,0.5302070269401321,41.84911843247999,0.65625,68.0,0.004408600041642785,all_eligible,env_inverse_processing_time,stage_A_fixed_instances,True,0,0,0,0,0,0,True
GreedyECT,medium,test,270040,medium_test_0040_seed_270040,336.39368920986436,166.26276173838536,12.759747925644362,0.565697634499379,25.65626625694455,0.65625,68.0,0.006689700006972998,all_eligible,env_inverse_processing_time,stage_A_fixed_instances,True,0,0,0,0,0,0,True
Random,medium,test,270041,medium_test_0041_seed_270041,422.34241662435124,234.83380567835474,60.95652017560871,0.4762219670712769,69.26845633076208,0.5625,57.0,0.004136800009291619,all_eligible,env_inverse_processing_time,stage_A_fixed_instances,True,0,0,0,0,0,0,True
FIFO,medium,test,270041,medium_test_0041_seed_270041,394.1716852989377,175.72205053917105,12.042236726546921,0.5076867642751361,60.43637477062673,0.5625,57.0,0.0038089000154286623,all_eligible,env_inverse_processing_time,stage_A_fixed_instances,True,0,0,0,0,0,0,True
SPT,medium,test,270041,medium_test_0041_seed_270041,469.6450894488412,219.4013848482296,52.82982903904299,0.42325309113516024,61.36784546468493,0.5625,57.0,0.005352799955289811,all_eligible,env_inverse_processing_time,stage_A_fixed_instances,True,0,0,0,0,0,0,True
LPT,medium,test,270041,medium_test_0041_seed_270041,429.14775413802244,283.5116619691835,107.77237144966445,0.4637724590485416,63.326444053354464,0.5625,57.0,0.006033400015439838,all_eligible,env_inverse_processing_time,stage_A_fixed_instances,True,0,0,0,0,0,0,True
MinCandidateLoad,medium,test,270041,medium_test_0041_seed_270041,433.6322379825774,219.49185395523426,51.37452635840702,0.4579265872675799,72.95167146041561,0.5625,57.0,0.00484350003534928,all_eligible,env_inverse_processing_time,stage_A_fixed_instances,True,0,0,0,0,0,0,True
GreedyECT,medium,test,270041,medium_test_0041_seed_270041,415.37918427781216,177.84473976201906,21.644207592251895,0.47805145914131136,68.52580439946199,0.5625,57.0,0.0070890000206418335,all_eligible,env_inverse_processing_time,stage_A_fixed_instances,True,0,0,0,0,0,0,True
Random,medium,test,270042,medium_test_0042_seed_270042,423.9400389729421,225.37087610281378,49.384858116585484,0.4857810751980737,93.36604722329596,0.671875,66.0,0.0037526999949477613,all_eligible,env_inverse_processing_time,stage_A_fixed_instances,True,0,0,0,0,0,0,True
FIFO,medium,test,270042,medium_test_0042_seed_270042,348.1042808017224,192.3312879776419,20.418152836840154,0.5877933079984115,95.28194087353141,0.671875,66.0,0.003667999990284443,all_eligible,env_inverse_processing_time,stage_A_fixed_instances,True,0,0,0,0,0,0,True
SPT,medium,test,270042,medium_test_0042_seed_270042,480.42747233560385,245.4363723346894,73.63020002762912,0.4284073704172293,97.63022611532264,0.671875,66.0,0.004839699948206544,all_eligible,env_inverse_processing_time,stage_A_fixed_instances,True,0,0,0,0,0,0,True
LPT,medium,test,270042,medium_test_0042_seed_270042,424.273734653702,289.39532475760853,118.32952948675738,0.47893556342679106,97.76310877302438,0.671875,66.0,0.005780700012110174,all_eligible,env_inverse_processing_time,stage_A_fixed_instances,True,0,0,0,0,0,0,True
MinCandidateLoad,medium,test,270042,medium_test_0042_seed_270042,391.894137607837,215.21625277543762,46.85801431675031,0.5202331266387433,98.27209420683235,0.671875,66.0,0.00457809999352321,all_eligible,env_inverse_processing_time,stage_A_fixed_instances,True,0,0,0,0,0,0,True
GreedyECT,medium,test,270042,medium_test_0042_seed_270042,400.0183397040275,197.493350694889,33.57897622046282,0.5094457466730568,97.84173630384639,0.671875,66.0,0.008104000007733703,all_eligible,env_inverse_processing_time,stage_A_fixed_instances,True,0,0,0,0,0,0,True
Random,medium,test,270043,medium_test_0043_seed_270043,382.34732797382316,222.69939053595272,68.1837640592028,0.5102799964041884,69.97465267859053,0.59375,60.0,0.0038568000309169292,all_eligible,env_inverse_processing_time,stage_A_fixed_instances,True,0,0,0,0,0,0,True
FIFO,medium,test,270043,medium_test_0043_seed_270043,321.18779714650327,159.52467737119719,7.123759806009165,0.6014980577240039,63.70677260799361,0.59375,60.0,0.003610099956858903,all_eligible,env_inverse_processing_time,stage_A_fixed_instances,True,0,0,0,0,0,0,True
SPT,medium,test,270043,medium_test_0043_seed_270043,412.0280116517354,206.25312489330935,53.61478939520037,0.47682774231975233,63.41088059177382,0.59375,60.0,0.004558300017379224,all_eligible,env_inverse_processing_time,stage_A_fixed_instances,True,0,0,0,0,0,0,True
LPT,medium,test,270043,medium_test_0043_seed_270043,431.20803518651786,271.09502755100675,118.69308940312712,0.45479311327350047,64.46282369391669,0.59375,60.0,0.005585899983998388,all_eligible,env_inverse_processing_time,stage_A_fixed_instances,True,0,0,0,0,0,0,True
MinCandidateLoad,medium,test,270043,medium_test_0043_seed_270043,401.92066462079475,206.11321759491224,49.08244560255573,0.47536780251019817,80.01283707998827,0.59375,60.0,0.004589500022120774,all_eligible,env_inverse_processing_time,stage_A_fixed_instances,True,0,0,0,0,0,0,True
GreedyECT,medium,test,270043,medium_test_0043_seed_270043,359.4724068483321,163.97725119327936,21.368591269637633,0.5387695327853284,66.41811435527636,0.59375,60.0,0.006614600017201155,all_eligible,env_inverse_processing_time,stage_A_fixed_instances,True,0,0,0,0,0,0,True
Random,medium,test,270044,medium_test_0044_seed_270044,378.0916169838289,228.90564283793017,65.12922053080989,0.5454974350620639,47.39081164414476,0.5625,55.0,0.003698499989695847,all_eligible,env_inverse_processing_time,stage_A_fixed_instances,True,0,0,0,0,0,0,True
FIFO,medium,test,270044,medium_test_0044_seed_270044,307.06711795604167,167.5305981268648,9.198535251933784,0.660827463126934,49.53878348266547,0.5625,55.0,0.0035152999917045236,all_eligible,env_inverse_processing_time,stage_A_fixed_instances,True,0,0,0,0,0,0,True
SPT,medium,test,270044,medium_test_0044_seed_270044,415.7835042141053,213.0382231027029,57.63825147916529,0.494166165444521,49.50872460754973,0.5625,55.0,0.004346000030636787,all_eligible,env_inverse_processing_time,stage_A_fixed_instances,True,0,0,0,0,0,0,True
LPT,medium,test,270044,medium_test_0044_seed_270044,401.391344976627,263.477400586556,101.94911063855552,0.5120918147912992,44.0768193789189,0.5625,55.0,0.006508300022687763,all_eligible,env_inverse_processing_time,stage_A_fixed_instances,True,0,0,0,0,0,0,True
MinCandidateLoad,medium,test,270044,medium_test_0044_seed_270044,355.9708285137716,194.77892515189734,37.0448890529143,0.5735223808867859,50.09138329466654,0.5625,55.0,0.004511600011028349,all_eligible,env_inverse_processing_time,stage_A_fixed_instances,True,0,0,0,0,0,0,True
GreedyECT,medium,test,270044,medium_test_0044_seed_270044,337.77777850786606,170.88385306171506,19.42765913436849,0.6103196933722338,47.09501332423002,0.5625,55.0,0.007005999970715493,all_eligible,env_inverse_processing_time,stage_A_fixed_instances,True,0,0,0,0,0,0,True
Random,medium,test,270045,medium_test_0045_seed_270045,402.4772571001685,249.5540104006176,66.09985421924785,0.5640791969869703,52.914429719202275,0.671875,62.0,0.005882899975404143,all_eligible,env_inverse_processing_time,stage_A_fixed_instances,True,0,0,0,0,0,0,True
FIFO,medium,test,270045,medium_test_0045_seed_270045,318.7462984022991,182.60750516654613,11.260316710158383,0.7082785174230011,54.98454306162972,0.671875,62.0,0.004482500022277236,all_eligible,env_inverse_processing_time,stage_A_fixed_instances,True,0,0,0,0,0,0,True
SPT,medium,test,270045,medium_test_0045_seed_270045,458.9432118544735,236.47067139130516,65.44365804225845,0.4875563181840654,55.192915880358456,0.671875,62.0,0.004822999995667487,all_eligible,env_inverse_processing_time,stage_A_fixed_instances,True,0,0,0,0,0,0,True
LPT,medium,test,270045,medium_test_0045_seed_270045,426.0231655862328,277.6203199928091,102.00014592402285,0.531787397894276,47.907208605607146,0.671875,62.0,0.005737299972679466,all_eligible,env_inverse_processing_time,stage_A_fixed_instances,True,0,0,0,0,0,0,True
MinCandidateLoad,medium,test,270045,medium_test_0045_seed_270045,346.4134127373059,201.5699334905609,34.39215441892202,0.6492485885586051,45.61876516081417,0.671875,62.0,0.004742500022985041,all_eligible,env_inverse_processing_time,stage_A_fixed_instances,True,0,0,0,0,0,0,True
GreedyECT,medium,test,270045,medium_test_0045_seed_270045,367.3576724000299,190.30395717261624,26.061108719892022,0.6078013394346984,53.38613928283204,0.671875,62.0,0.009922600002028048,all_eligible,env_inverse_processing_time,stage_A_fixed_instances,True,0,0,0,0,0,0,True
Random,medium,test,270046,medium_test_0046_seed_270046,359.8801554215707,212.48895592068908,54.613616164308176,0.5927334342326744,42.75228431586271,0.6875,66.0,0.004833199956919998,all_eligible,env_inverse_processing_time,stage_A_fixed_instances,True,0,0,0,0,0,0,True
FIFO,medium,test,270046,medium_test_0046_seed_270046,323.3190422401191,165.41692202287027,15.880185469215993,0.6491225130179521,46.9426656899744,0.6875,66.0,0.004183199955150485,all_eligible,env_inverse_processing_time,stage_A_fixed_instances,True,0,0,0,0,0,0,True
SPT,medium,test,270046,medium_test_0046_seed_270046,467.2331323088041,235.93749842730406,79.98757217613293,0.45539795548632445,41.30979872047621,0.6875,66.0,0.005931899999268353,all_eligible,env_inverse_processing_time,stage_A_fixed_instances,True,0,0,0,0,0,0,True
LPT,medium,test,270046,medium_test_0046_seed_270046,377.9200990055288,258.0721944283544,94.00920427395516,0.56417482392962,59.09020762885743,0.6875,66.0,0.00605540000833571,all_eligible,env_inverse_processing_time,stage_A_fixed_instances,True,0,0,0,0,0,0,True
MinCandidateLoad,medium,test,270046,medium_test_0046_seed_270046,351.3996078057565,196.61891291495374,47.82271320441462,0.5968061920369228,62.58601008625463,0.6875,66.0,0.004754400055389851,all_eligible,env_inverse_processing_time,stage_A_fixed_instances,True,0,0,0,0,0,0,True
GreedyECT,medium,test,270046,medium_test_0046_seed_270046,367.96436445196275,169.21706558458712,24.711311476039757,0.574640475035602,56.92452334506757,0.6875,66.0,0.007918099989183247,all_eligible,env_inverse_processing_time,stage_A_fixed_instances,True,0,0,0,0,0,0,True
Random,medium,test,270047,medium_test_0047_seed_270047,420.1394255499602,222.60293146932472,54.65736967178261,0.43917839907122824,41.23336789497956,0.71875,63.0,0.0039059000555425882,all_eligible,env_inverse_processing_time,stage_A_fixed_instances,True,0,0,0,0,0,0,True
FIFO,medium,test,270047,medium_test_0047_seed_270047,313.75560636283024,167.92117685575724,5.669657900271048,0.582218348884818,45.61359777181169,0.71875,63.0,0.0037336000241339207,all_eligible,env_inverse_processing_time,stage_A_fixed_instances,True,0,0,0,0,0,0,True
SPT,medium,test,270047,medium_test_0047_seed_270047,389.72090742693797,213.9322418680742,49.69904880060315,0.48173930766227224,40.89222983129456,0.71875,63.0,0.004747400002088398,all_eligible,env_inverse_processing_time,stage_A_fixed_instances,True,0,0,0,0,0,0,True
LPT,medium,test,270047,medium_test_0047_seed_270047,418.22511059544996,279.2133805239606,109.07343968172965,0.4456500600536231,40.00516322143609,0.71875,63.0,0.006172099965624511,all_eligible,env_inverse_processing_time,stage_A_fixed_instances,True,0,0,0,0,0,0,True
MinCandidateLoad,medium,test,270047,medium_test_0047_seed_270047,372.1554687321778,197.26844355107843,33.602973491742226,0.49275902470796445,47.44039302056134,0.71875,63.0,0.0045112999505363405,all_eligible,env_inverse_processing_time,stage_A_fixed_instances,True,0,0,0,0,0,0,True
GreedyECT,medium,test,270047,medium_test_0047_seed_270047,340.01164009581504,168.7721695490638,10.2740232402508,0.5390995234895739,46.79421062972877,0.71875,63.0,0.006661100022029132,all_eligible,env_inverse_processing_time,stage_A_fixed_instances,True,0,0,0,0,0,0,True
Random,medium,test,270048,medium_test_0048_seed_270048,388.1898783521333,221.25791506147695,51.44093624673737,0.5165488824065334,45.86863992761987,0.578125,51.0,0.0037094999570399523,all_eligible,env_inverse_processing_time,stage_A_fixed_instances,True,0,0,0,0,0,0,True
FIFO,medium,test,270048,medium_test_0048_seed_270048,326.0811206237375,174.79016266546307,6.671982604565045,0.6053664623739332,45.347169463142656,0.578125,51.0,0.00356480001937598,all_eligible,env_inverse_processing_time,stage_A_fixed_instances,True,0,0,0,0,0,0,True
SPT,medium,test,270048,medium_test_0048_seed_270048,462.57439221225536,219.0575518367161,49.08556206596549,0.4273107915559859,51.21650223798155,0.578125,51.0,0.0043200000072829425,all_eligible,env_inverse_processing_time,stage_A_fixed_instances,True,0,0,0,0,0,0,True
LPT,medium,test,270048,medium_test_0048_seed_270048,409.20483883498724,274.96726604436606,98.14904172533,0.4894294977587513,44.59963647778787,0.578125,51.0,0.005369699967559427,all_eligible,env_inverse_processing_time,stage_A_fixed_instances,True,0,0,0,0,0,0,True
MinCandidateLoad,medium,test,270048,medium_test_0048_seed_270048,370.4036540052241,204.59721131187504,39.811652941416135,0.531781797279293,44.18321635097283,0.578125,51.0,0.004366400011349469,all_eligible,env_inverse_processing_time,stage_A_fixed_instances,True,0,0,0,0,0,0,True
GreedyECT,medium,test,270048,medium_test_0048_seed_270048,364.8856389171714,175.8106904857089,12.775118718117351,0.5469859834805092,51.02484176748734,0.578125,51.0,0.006276400003116578,all_eligible,env_inverse_processing_time,stage_A_fixed_instances,True,0,0,0,0,0,0,True
Random,medium,test,270049,medium_test_0049_seed_270049,334.06813575324617,182.13311622368212,33.57164234636316,0.572688253159772,70.75989547230644,0.59375,51.0,0.00402110000140965,all_eligible,env_inverse_processing_time,stage_A_fixed_instances,True,0,0,0,0,0,0,True
FIFO,medium,test,270049,medium_test_0049_seed_270049,299.0326756688067,156.2948497337192,12.835514568100619,0.6336300637366735,74.85711117138571,0.59375,51.0,0.003731600008904934,all_eligible,env_inverse_processing_time,stage_A_fixed_instances,True,0,0,0,0,0,0,True
SPT,medium,test,270049,medium_test_0049_seed_270049,462.9316110221868,217.32630140760247,64.39433445426732,0.4115748300225028,70.2558112672623,0.59375,51.0,0.004705000028479844,all_eligible,env_inverse_processing_time,stage_A_fixed_instances,True,0,0,0,0,0,0,True
LPT,medium,test,270049,medium_test_0049_seed_270049,379.2791131293523,246.29668857946217,90.43738607898923,0.5128577171653939,69.0464491544982,0.59375,51.0,0.005061900010332465,all_eligible,env_inverse_processing_time,stage_A_fixed_instances,True,0,0,0,0,0,0,True
MinCandidateLoad,medium,test,270049,medium_test_0049_seed_270049,332.97948840300205,182.37671375916483,37.96701339993957,0.5802089853398733,71.8931338770669,0.59375,51.0,0.004680700018070638,all_eligible,env_inverse_processing_time,stage_A_fixed_instances,True,0,0,0,0,0,0,True
GreedyECT,medium,test,270049,medium_test_0049_seed_270049,355.8800579230058,160.13179621224995,21.706882537625958,0.5253211379230792,73.51391825312892,0.59375,51.0,0.00714719999814406,all_eligible,env_inverse_processing_time,stage_A_fixed_instances,True,0,0,0,0,0,0,True
Random,large,test,370000,large_test_0000_seed_370000,583.5030115301901,302.84458568587087,31.49412779918831,0.46099871709193196,71.32672084144414,0.6590909090909091,142.0,0.011385200021322817,all_eligible,env_inverse_processing_time,stage_A_fixed_instances,True,0,0,0,0,0,0,True
FIFO,large,test,370000,large_test_0000_seed_370000,525.460349959493,262.70827836685976,4.2127380273335175,0.49959071467432076,88.60283909177112,0.6590909090909091,142.0,0.010684799985028803,all_eligible,env_inverse_processing_time,stage_A_fixed_instances,True,0,0,0,0,0,0,True
SPT,large,test,370000,large_test_0000_seed_370000,779.1878569219404,385.1381632241415,120.85463289878592,0.3452647724728978,70.40080815836937,0.6590909090909091,142.0,0.01566799997817725,all_eligible,env_inverse_processing_time,stage_A_fixed_instances,True,0,0,0,0,0,0,True
LPT,large,test,370000,large_test_0000_seed_370000,626.512045371183,432.7958280107603,158.48663621116717,0.43964986252072474,75.99148746351655,0.6590909090909091,142.0,0.018810999987181276,all_eligible,env_inverse_processing_time,stage_A_fixed_instances,True,0,0,0,0,0,0,True
MinCandidateLoad,large,test,370000,large_test_0000_seed_370000,617.4278833160852,336.91070535846546,73.54510854579813,0.43173428898658744,78.7575478952586,0.6590909090909091,142.0,0.015085799968801439,all_eligible,env_inverse_processing_time,stage_A_fixed_instances,True,0,0,0,0,0,0,True
GreedyECT,large,test,370000,large_test_0000_seed_370000,548.3393402707591,264.07509295717387,7.373813919706311,0.48409823648942746,79.7886450533227,0.6590909090909091,142.0,0.018055699998512864,all_eligible,env_inverse_processing_time,stage_A_fixed_instances,True,0,0,0,0,0,0,True
Random,large,test,370001,large_test_0001_seed_370001,617.4035440720493,332.4051513715945,63.05134898924715,0.470716549050928,97.02611303002038,0.7121212121212122,154.0,0.012680799991358072,all_eligible,env_inverse_processing_time,stage_A_fixed_instances,True,0,0,0,0,0,0,True
FIFO,large,test,370001,large_test_0001_seed_370001,520.1908834397606,267.72844203175885,5.667602495612806,0.5498662800901636,119.68813074347273,0.7121212121212122,154.0,0.011760400026105344,all_eligible,env_inverse_processing_time,stage_A_fixed_instances,True,0,0,0,0,0,0,True
SPT,large,test,370001,large_test_0001_seed_370001,715.7633869238603,388.7452538772179,120.42478209162716,0.40265874722749345,102.78157367222329,0.7121212121212122,154.0,0.01752610004041344,all_eligible,env_inverse_processing_time,stage_A_fixed_instances,True,0,0,0,0,0,0,True
LPT,large,test,370001,large_test_0001_seed_370001,691.8749321883818,469.2310217229842,193.75296860142979,0.4258931016344135,103.65601927059296,0.7121212121212122,154.0,0.02282260003266856,all_eligible,env_inverse_processing_time,stage_A_fixed_instances,True,0,0,0,0,0,0,True
MinCandidateLoad,large,test,370001,large_test_0001_seed_370001,636.8481099569241,335.8988673271098,66.49461481924693,0.4525314242630117,109.02972693984339,0.7121212121212122,154.0,0.017323699954431504,all_eligible,env_inverse_processing_time,stage_A_fixed_instances,True,0,0,0,0,0,0,True
GreedyECT,large,test,370001,large_test_0001_seed_370001,576.6414961881203,276.7914346686268,18.697018982616903,0.4932281854716799,113.65557864834311,0.7121212121212122,154.0,0.02073520002886653,all_eligible,env_inverse_processing_time,stage_A_fixed_instances,True,0,0,0,0,0,0,True
Random,large,test,370002,large_test_0002_seed_370002,596.9885381289305,341.4789538251224,54.268072823470355,0.43798555663010535,103.02192969034367,0.6287878787878788,152.0,0.0125772999599576,all_eligible,env_inverse_processing_time,stage_A_fixed_instances,True,0,0,0,0,0,0,True
FIFO,large,test,370002,large_test_0002_seed_370002,524.2681237309309,277.46165164332695,2.9717464783528036,0.4881993421177764,108.29592153921865,0.6287878787878788,152.0,0.012994199991226196,all_eligible,env_inverse_processing_time,stage_A_fixed_instances,True,0,0,0,0,0,0,True
SPT,large,test,370002,large_test_0002_seed_370002,723.1332290856922,395.8870475413323,107.85324404404322,0.3576613467113942,98.94716841200865,0.6287878787878788,152.0,0.01645789999747649,all_eligible,env_inverse_processing_time,stage_A_fixed_instances,True,0,0,0,0,0,0,True
LPT,large,test,370002,large_test_0002_seed_370002,666.3536408946624,459.2612593186987,167.4205103204756,0.3927309695996288,96.95204037472402,0.6287878787878788,152.0,0.018722500011790544,all_eligible,env_inverse_processing_time,stage_A_fixed_instances,True,0,0,0,0,0,0,True
MinCandidateLoad,large,test,370002,large_test_0002_seed_370002,619.4445766673233,331.4630174412551,54.354097592792215,0.41169933994772717,112.79719112095647,0.6287878787878788,152.0,0.014258700015489012,all_eligible,env_inverse_processing_time,stage_A_fixed_instances,True,0,0,0,0,0,0,True
GreedyECT,large,test,370002,large_test_0002_seed_370002,545.3922969197353,282.12369743568075,11.624946367159795,0.4691858311313133,107.57296825787041,0.6287878787878788,152.0,0.01870529999723658,all_eligible,env_inverse_processing_time,stage_A_fixed_instances,True,0,0,0,0,0,0,True
Random,large,test,370003,large_test_0003_seed_370003,616.5659684577881,344.3031621014767,60.304265043972144,0.4143525196780147,66.67410548521114,0.6742424242424242,155.0,0.012444199994206429,all_eligible,env_inverse_processing_time,stage_A_fixed_instances,True,0,0,0,0,0,0,True
FIFO,large,test,370003,large_test_0003_seed_370003,509.0250635598167,280.8201500619618,2.390814343773545,0.4899671295989839,86.26733806794383,0.6742424242424242,155.0,0.01072819996625185,all_eligible,env_inverse_processing_time,stage_A_fixed_instances,True,0,0,0,0,0,0,True
SPT,large,test,370003,large_test_0003_seed_370003,702.7373045457365,366.76678831286915,86.03046878449109,0.3636062919255982,64.550251167617,0.6742424242424242,155.0,0.01520419999724254,all_eligible,env_inverse_processing_time,stage_A_fixed_instances,True,0,0,0,0,0,0,True
LPT,large,test,370003,large_test_0003_seed_370003,575.1647492659381,386.27461692428744,99.83069699106463,0.4487397028661228,62.665849625631935,0.6742424242424242,155.0,0.016958200023509562,all_eligible,env_inverse_processing_time,stage_A_fixed_instances,True,0,0,0,0,0,0,True
MinCandidateLoad,large,test,370003,large_test_0003_seed_370003,607.6346386530926,325.7444010197599,43.7201958967114,0.42124961344442474,69.13804228321099,0.6742424242424242,155.0,0.014813199988566339,all_eligible,env_inverse_processing_time,stage_A_fixed_instances,True,0,0,0,0,0,0,True
GreedyECT,large,test,370003,large_test_0003_seed_370003,554.1151318266488,285.59594319348355,8.9253559765183,0.45677041826523007,72.59279105425466,0.6742424242424242,155.0,0.019958099990617484,all_eligible,env_inverse_processing_time,stage_A_fixed_instances,True,0,0,0,0,0,0,True
Random,large,test,370004,large_test_0004_seed_370004,532.3505976972325,302.7648226981796,36.082114453516866,0.45492599968816677,46.85920196191911,0.6515151515151515,142.0,0.012325800023972988,all_eligible,env_inverse_processing_time,stage_A_fixed_instances,True,0,0,0,0,0,0,True
FIFO,large,test,370004,large_test_0004_seed_370004,505.97093654832867,262.78542035336943,2.364895996446858,0.4692423120079561,66.20314999747613,0.6515151515151515,142.0,0.011786999995820224,all_eligible,env_inverse_processing_time,stage_A_fixed_instances,True,0,0,0,0,0,0,True
SPT,large,test,370004,large_test_0004_seed_370004,676.4562660979633,343.1086484862446,79.06669820604115,0.35249649310141545,56.12880279107071,0.6515151515151515,142.0,0.015388300002086908,all_eligible,env_inverse_processing_time,stage_A_fixed_instances,True,0,0,0,0,0,0,True
LPT,large,test,370004,large_test_0004_seed_370004,575.6492736429191,389.89712518682984,118.84569610883739,0.42440751750394523,47.45940340601363,0.6515151515151515,142.0,0.01951710000867024,all_eligible,env_inverse_processing_time,stage_A_fixed_instances,True,0,0,0,0,0,0,True
MinCandidateLoad,large,test,370004,large_test_0004_seed_370004,526.5427018533251,288.6765522569468,23.24837945163627,0.46142308724753045,48.69534712312516,0.6515151515151515,142.0,0.015904499974567443,all_eligible,env_inverse_processing_time,stage_A_fixed_instances,True,0,0,0,0,0,0,True
GreedyECT,large,test,370004,large_test_0004_seed_370004,549.2165348111298,265.1999275822591,6.303630662621071,0.43398742392048467,62.56188260438924,0.6515151515151515,142.0,0.019162599986884743,all_eligible,env_inverse_processing_time,stage_A_fixed_instances,True,0,0,0,0,0,0,True
Random,large,test,370005,large_test_0005_seed_370005,655.7195255000755,334.5880508417469,56.67676721970814,0.41622975715691923,82.89420727494337,0.6818181818181818,146.0,0.012916900042910129,all_eligible,env_inverse_processing_time,stage_A_fixed_instances,True,0,0,0,0,0,0,True
FIFO,large,test,370005,large_test_0005_seed_370005,533.1379094003281,271.73904273231847,3.7312088130314027,0.5033861245599776,93.86078432882675,0.6818181818181818,146.0,0.0116602000198327,all_eligible,env_inverse_processing_time,stage_A_fixed_instances,True,0,0,0,0,0,0,True
SPT,large,test,370005,large_test_0005_seed_370005,806.2765275836748,381.76144737921805,107.82735679745552,0.3423831303005967,78.72736299359082,0.6818181818181818,146.0,0.018176800047513098,all_eligible,env_inverse_processing_time,stage_A_fixed_instances,True,0,0,0,0,0,0,True
LPT,large,test,370005,large_test_0005_seed_370005,638.772967130722,447.09430082157405,167.08429344696083,0.4304971461716299,82.86687020726224,0.6818181818181818,146.0,0.02272770000854507,all_eligible,env_inverse_processing_time,stage_A_fixed_instances,True,0,0,0,0,0,0,True
MinCandidateLoad,large,test,370005,large_test_0005_seed_370005,578.3119999999999,297.4807478077217,27.29792212687507,0.4682489042040263,98.78810184792981,0.6818181818181818,146.0,0.014486600004602224,all_eligible,env_inverse_processing_time,stage_A_fixed_instances,True,0,0,0,0,0,0,True
GreedyECT,large,test,370005,large_test_0005_seed_370005,571.1025724333842,274.1148333663751,7.001286819948102,0.4707762490198116,89.8475082321327,0.6818181818181818,146.0,0.018415500002447516,all_eligible,env_inverse_processing_time,stage_A_fixed_instances,True,0,0,0,0,0,0,True
Random,large,test,370006,large_test_0006_seed_370006,560.518093922505,325.3040232634763,35.8508762024882,0.4389095770560316,40.68424646020694,0.5909090909090909,143.0,0.012425100023392588,all_eligible,env_inverse_processing_time,stage_A_fixed_instances,True,0,0,0,0,0,0,True
FIFO,large,test,370006,large_test_0006_seed_370006,503.05465161568765,286.0995655254437,1.5672908959634462,0.4744222736388023,64.21628107549301,0.5909090909090909,143.0,0.011139100010041147,all_eligible,env_inverse_processing_time,stage_A_fixed_instances,True,0,0,0,0,0,0,True
SPT,large,test,370006,large_test_0006_seed_370006,654.9170469374019,364.796448340455,76.06962805093174,0.3778269225907077,40.173125290208475,0.5909090909090909,143.0,0.015092300018295646,all_eligible,env_inverse_processing_time,stage_A_fixed_instances,True,0,0,0,0,0,0,True
LPT,large,test,370006,large_test_0006_seed_370006,643.1630977109909,443.89830063262053,149.08158155234284,0.3902571131216354,52.496479144470236,0.5909090909090909,143.0,0.019463600008748472,all_eligible,env_inverse_processing_time,stage_A_fixed_instances,True,0,0,0,0,0,0,True
MinCandidateLoad,large,test,370006,large_test_0006_seed_370006,568.2872762123852,356.76775439273985,66.69241602450886,0.42835663785561157,53.145368988020024,0.5909090909090909,143.0,0.01644699997268617,all_eligible,env_inverse_processing_time,stage_A_fixed_instances,True,0,0,0,0,0,0,True
GreedyECT,large,test,370006,large_test_0006_seed_370006,521.3534446386317,288.71637344989676,6.5495034369927225,0.45938890790688536,64.64669132784239,0.5909090909090909,143.0,0.020282199955545366,all_eligible,env_inverse_processing_time,stage_A_fixed_instances,True,0,0,0,0,0,0,True
Random,large,test,370007,large_test_0007_seed_370007,565.1516456939087,319.77416940773486,27.671918108408335,0.4636743500662784,56.29774434882961,0.6666666666666666,154.0,0.01368689996888861,all_eligible,env_inverse_processing_time,stage_A_fixed_instances,True,0,0,0,0,0,0,True
FIFO,large,test,370007,large_test_0007_seed_370007,532.0354414416651,287.51864364897614,2.937950875064458,0.48349905967397633,81.58971292952013,0.6666666666666666,154.0,0.014046500029508024,all_eligible,env_inverse_processing_time,stage_A_fixed_instances,True,0,0,0,0,0,0,True
SPT,large,test,370007,large_test_0007_seed_370007,677.3073981357244,380.7491295465414,90.66239899192028,0.39166266802428173,46.57476697894679,0.6666666666666666,154.0,0.01776459999382496,all_eligible,env_inverse_processing_time,stage_A_fixed_instances,True,0,0,0,0,0,0,True
LPT,large,test,370007,large_test_0007_seed_370007,617.326335632467,413.04042459760683,118.40303009790449,0.43169789053267266,67.39348896910589,0.6666666666666666,154.0,0.01872910000383854,all_eligible,env_inverse_processing_time,stage_A_fixed_instances,True,0,0,0,0,0,0,True
MinCandidateLoad,large,test,370007,large_test_0007_seed_370007,626.0875502498062,374.7550811080908,85.50726828732057,0.41497074422538344,66.27132766250678,0.6666666666666666,154.0,0.020342900010291487,all_eligible,env_inverse_processing_time,stage_A_fixed_instances,True,0,0,0,0,0,0,True
GreedyECT,large,test,370007,large_test_0007_seed_370007,547.6382775298531,290.65727127163206,9.32910986417549,0.4719945432270709,70.2155972989386,0.6666666666666666,154.0,0.024482299981173128,all_eligible,env_inverse_processing_time,stage_A_fixed_instances,True,0,0,0,0,0,0,True
Random,large,test,370008,large_test_0008_seed_370008,582.256727889556,314.61588702781927,54.09603419967633,0.5000250758166686,73.15914141406303,0.696969696969697,160.0,0.01304839999647811,all_eligible,env_inverse_processing_time,stage_A_fixed_instances,True,0,0,0,0,0,0,True
FIFO,large,test,370008,large_test_0008_seed_370008,500.48492267675095,258.9681063190437,4.1370163644946905,0.5676826293998535,96.25764817472214,0.696969696969697,160.0,0.01303520001238212,all_eligible,env_inverse_processing_time,stage_A_fixed_instances,True,0,0,0,0,0,0,True
SPT,large,test,370008,large_test_0008_seed_370008,791.3453946807551,386.6242432910347,129.8940474330635,0.3715438958166477,85.56919508943487,0.696969696969697,160.0,0.019831700017675757,all_eligible,env_inverse_processing_time,stage_A_fixed_instances,True,0,0,0,0,0,0,True
LPT,large,test,370008,large_test_0008_seed_370008,626.9111314155862,445.39642712048334,176.8866737740107,0.4705893064100623,78.58207324070662,0.696969696969697,160.0,0.022625999990850687,all_eligible,env_inverse_processing_time,stage_A_fixed_instances,True,0,0,0,0,0,0,True
MinCandidateLoad,large,test,370008,large_test_0008_seed_370008,554.8108497840061,302.3847965516136,46.233485562924784,0.519682802179075,77.50827564223853,0.696969696969697,160.0,0.01621899998281151,all_eligible,env_inverse_processing_time,stage_A_fixed_instances,True,0,0,0,0,0,0,True
GreedyECT,large,test,370008,large_test_0008_seed_370008,551.2665322437575,261.0338644751401,12.453820139080136,0.5245460375159169,82.6753127009495,0.696969696969697,160.0,0.021011800039559603,all_eligible,env_inverse_processing_time,stage_A_fixed_instances,True,0,0,0,0,0,0,True
Random,large,test,370009,large_test_0009_seed_370009,547.8383243001504,301.1861361345773,42.66544335355358,0.48603610389206947,71.89821594620747,0.6893939393939394,157.0,0.015021300001535565,all_eligible,env_inverse_processing_time,stage_A_fixed_instances,True,0,0,0,0,0,0,True
FIFO,large,test,370009,large_test_0009_seed_370009,508.762588976049,250.48212733767164,2.604147133142228,0.5067981440704387,72.45070265911819,0.6893939393939394,157.0,0.013034899951890111,all_eligible,env_inverse_processing_time,stage_A_fixed_instances,True,0,0,0,0,0,0,True
SPT,large,test,370009,large_test_0009_seed_370009,704.4005442203189,327.0899969481406,75.1413925102809,0.3727759012468751,65.35825003468439,0.6893939393939394,157.0,0.016093800019007176,all_eligible,env_inverse_processing_time,stage_A_fixed_instances,True,0,0,0,0,0,0,True
LPT,large,test,370009,large_test_0009_seed_370009,653.1223444404842,476.1026544315546,222.46114650668127,0.4057757052105531,42.29423494614282,0.6893939393939394,157.0,0.02407630003290251,all_eligible,env_inverse_processing_time,stage_A_fixed_instances,True,0,0,0,0,0,0,True
MinCandidateLoad,large,test,370009,large_test_0009_seed_370009,573.4289670215428,305.33101109812765,53.335947959838606,0.460185770967133,52.12910577029486,0.6893939393939394,157.0,0.016969300049822778,all_eligible,env_inverse_processing_time,stage_A_fixed_instances,True,0,0,0,0,0,0,True
GreedyECT,large,test,370009,large_test_0009_seed_370009,534.8671861456182,252.34121058019204,7.308137977949783,0.48803415498980596,56.10914641851799,0.6893939393939394,157.0,0.02012599998852238,all_eligible,env_inverse_processing_time,stage_A_fixed_instances,True,0,0,0,0,0,0,True
Random,large,test,370010,large_test_0010_seed_370010,554.9481492048831,299.04595700149093,35.18819523626995,0.4929812236802289,59.371431624206615,0.6439393939393939,146.0,0.012708899972494692,all_eligible,env_inverse_processing_time,stage_A_fixed_instances,True,0,0,0,0,0,0,True
FIFO,large,test,370010,large_test_0010_seed_370010,529.4279467589324,257.67919924969334,2.8482368718535205,0.4952740054302047,91.40957918925092,0.6439393939393939,146.0,0.012131100054830313,all_eligible,env_inverse_processing_time,stage_A_fixed_instances,True,0,0,0,0,0,0,True
SPT,large,test,370010,large_test_0010_seed_370010,677.7649381096763,353.3555713700528,91.17404466527398,0.4039417509149549,76.3331105609954,0.6439393939393939,146.0,0.017435799993108958,all_eligible,env_inverse_processing_time,stage_A_fixed_instances,True,0,0,0,0,0,0,True
LPT,large,test,370010,large_test_0010_seed_370010,599.688191904197,422.9481832728717,160.16792869673063,0.4548870617601908,73.45085993365348,0.6439393939393939,146.0,0.023779099981766194,all_eligible,env_inverse_processing_time,stage_A_fixed_instances,True,0,0,0,0,0,0,True
MinCandidateLoad,large,test,370010,large_test_0010_seed_370010,548.7647093603256,298.6955315178283,37.57346760142288,0.4882782107327551,78.93019800728176,0.6439393939393939,146.0,0.015329399961046875,all_eligible,env_inverse_processing_time,stage_A_fixed_instances,True,0,0,0,0,0,0,True
GreedyECT,large,test,370010,large_test_0010_seed_370010,529.4279467589324,260.10045954524605,8.053941706768342,0.4938831536080486,92.46455260491912,0.6439393939393939,146.0,0.01919999998062849,all_eligible,env_inverse_processing_time,stage_A_fixed_instances,True,0,0,0,0,0,0,True
Random,large,test,370011,large_test_0011_seed_370011,578.5437656994512,320.8360971796394,39.23929549436732,0.46447285934130184,53.840340507881855,0.6818181818181818,150.0,0.012658999999985099,all_eligible,env_inverse_processing_time,stage_A_fixed_instances,True,0,0,0,0,0,0,True
FIFO,large,test,370011,large_test_0011_seed_370011,528.8342539601931,275.5071812617338,2.03934565750832,0.5079422100677153,65.29979201578469,0.6818181818181818,150.0,0.013011000002734363,all_eligible,env_inverse_processing_time,stage_A_fixed_instances,True,0,0,0,0,0,0,True
SPT,large,test,370011,large_test_0011_seed_370011,672.987484589553,358.15630384543726,80.01437324573656,0.3999240195763793,54.740735806584695,0.6818181818181818,150.0,0.017577299964614213,all_eligible,env_inverse_processing_time,stage_A_fixed_instances,True,0,0,0,0,0,0,True
LPT,large,test,370011,large_test_0011_seed_370011,612.045647267887,423.3587586455297,132.44675899569813,0.4459965733853846,63.579519424280626,0.6818181818181818,150.0,0.021386099979281425,all_eligible,env_inverse_processing_time,stage_A_fixed_instances,True,0,0,0,0,0,0,True
MinCandidateLoad,large,test,370011,large_test_0011_seed_370011,617.0846650033544,349.28735616150703,73.22265902847087,0.44192978900967866,51.91929837912729,0.6818181818181818,150.0,0.018288200022652745,all_eligible,env_inverse_processing_time,stage_A_fixed_instances,True,0,0,0,0,0,0,True
GreedyECT,large,test,370011,large_test_0011_seed_370011,542.5324045252414,279.08710744578445,9.271915793236325,0.49384087169406315,62.42889627102311,0.6818181818181818,150.0,0.02181219996418804,all_eligible,env_inverse_processing_time,stage_A_fixed_instances,True,0,0,0,0,0,0,True
Random,large,test,370012,large_test_0012_seed_370012,574.6296993573993,320.8631388285866,43.293785780705235,0.5073000446997479,47.52651807226479,0.6742424242424242,154.0,0.012762999976985157,all_eligible,env_inverse_processing_time,stage_A_fixed_instances,True,0,0,0,0,0,0,True
FIFO,large,test,370012,large_test_0012_seed_370012,528.99,272.6900498110613,2.173757272334086,0.5422876775154232,68.68398476552676,0.6742424242424242,154.0,0.012203700025565922,all_eligible,env_inverse_processing_time,stage_A_fixed_instances,True,0,0,0,0,0,0,True
SPT,large,test,370012,large_test_0012_seed_370012,682.56095745014,362.6683394459823,87.33372157357216,0.4213698658725948,59.23798580884215,0.6742424242424242,154.0,0.01634639996336773,all_eligible,env_inverse_processing_time,stage_A_fixed_instances,True,0,0,0,0,0,0,True
LPT,large,test,370012,large_test_0012_seed_370012,631.4867977639781,428.2722323609399,151.11089235781807,0.4652175101827061,48.47818203540534,0.6742424242424242,154.0,0.019205300020985305,all_eligible,env_inverse_processing_time,stage_A_fixed_instances,True,0,0,0,0,0,0,True
MinCandidateLoad,large,test,370012,large_test_0012_seed_370012,574.6369554433317,305.3360827833589,31.28290409468695,0.5007098614880698,68.99348865422122,0.6742424242424242,154.0,0.015264599991496652,all_eligible,env_inverse_processing_time,stage_A_fixed_instances,True,0,0,0,0,0,0,True
GreedyECT,large,test,370012,large_test_0012_seed_370012,528.99,276.16679154588905,8.897865097843802,0.5399605997610932,65.80305732291397,0.6742424242424242,154.0,0.020637900044675916,all_eligible,env_inverse_processing_time,stage_A_fixed_instances,True,0,0,0,0,0,0,True
Random,large,test,370013,large_test_0013_seed_370013,661.593557088155,348.91276136544536,60.60288621479073,0.4304196829800622,76.52096463904965,0.6666666666666666,151.0,0.012923900038003922,all_eligible,env_inverse_processing_time,stage_A_fixed_instances,True,0,0,0,0,0,0,True
FIFO,large,test,370013,large_test_0013_seed_370013,564.3500969412257,283.2717653714702,2.885173520538011,0.4936908304420838,88.65375372058804,0.6666666666666666,151.0,0.012276299996301532,all_eligible,env_inverse_processing_time,stage_A_fixed_instances,True,0,0,0,0,0,0,True
SPT,large,test,370013,large_test_0013_seed_370013,790.9140595588777,379.75801822688817,96.4578492387379,0.358115758985604,77.19294887542577,0.6666666666666666,151.0,0.016819999960716814,all_eligible,env_inverse_processing_time,stage_A_fixed_instances,True,0,0,0,0,0,0,True
LPT,large,test,370013,large_test_0013_seed_370013,664.5666566747809,475.8705506998053,187.91810992687138,0.43023680670587827,70.65202963279883,0.6666666666666666,151.0,0.022186700021848083,all_eligible,env_inverse_processing_time,stage_A_fixed_instances,True,0,0,0,0,0,0,True
MinCandidateLoad,large,test,370013,large_test_0013_seed_370013,666.7760796298071,331.5282205329708,50.02063319182408,0.4174769617564505,93.26953834831583,0.6666666666666666,151.0,0.01578039996093139,all_eligible,env_inverse_processing_time,stage_A_fixed_instances,True,0,0,0,0,0,0,True
GreedyECT,large,test,370013,large_test_0013_seed_370013,565.4742177799133,284.424422156796,8.165836317333918,0.4953967931651137,80.7805265640349,0.6666666666666666,151.0,0.02036630001384765,all_eligible,env_inverse_processing_time,stage_A_fixed_instances,True,0,0,0,0,0,0,True
Random,large,test,370014,large_test_0014_seed_370014,528.4404126776449,299.90164472739554,31.356249776988967,0.47925491032429957,69.75056409323072,0.7196969696969697,171.0,0.013644999999087304,all_eligible,env_inverse_processing_time,stage_A_fixed_instances,True,0,0,0,0,0,0,True
FIFO,large,test,370014,large_test_0014_seed_370014,501.08299999999997,264.90033339044453,2.008527198085537,0.4973841315967453,83.98191836185016,0.7196969696969697,171.0,0.013144999975338578,all_eligible,env_inverse_processing_time,stage_A_fixed_instances,True,0,0,0,0,0,0,True
SPT,large,test,370014,large_test_0014_seed_370014,648.9248770864837,363.7131079345506,93.32863478303236,0.3954774808798353,52.636829614742545,0.7196969696969697,171.0,0.018379800021648407,all_eligible,env_inverse_processing_time,stage_A_fixed_instances,True,0,0,0,0,0,0,True
LPT,large,test,370014,large_test_0014_seed_370014,617.9456229505339,426.8158829567734,152.7633337241707,0.41936306215030533,49.949492092199904,0.7196969696969697,171.0,0.019458799972198904,all_eligible,env_inverse_processing_time,stage_A_fixed_instances,True,0,0,0,0,0,0,True
MinCandidateLoad,large,test,370014,large_test_0014_seed_370014,549.8710383818864,304.199952762702,39.438700391520634,0.4574117511368486,72.73864779854154,0.7196969696969697,171.0,0.01468120003119111,all_eligible,env_inverse_processing_time,stage_A_fixed_instances,True,0,0,0,0,0,0,True
GreedyECT,large,test,370014,large_test_0014_seed_370014,518.607,265.785712706581,5.035435040470027,0.4883881164850019,68.52466382650684,0.7196969696969697,171.0,0.01895600004354492,all_eligible,env_inverse_processing_time,stage_A_fixed_instances,True,0,0,0,0,0,0,True
Random,large,test,370015,large_test_0015_seed_370015,551.6576115010319,306.8827770144682,34.91817236620445,0.4658884473309269,54.076564217742444,0.6893939393939394,158.0,0.013058399956207722,all_eligible,env_inverse_processing_time,stage_A_fixed_instances,True,0,0,0,0,0,0,True
FIFO,large,test,370015,large_test_0015_seed_370015,536.1122416302846,266.6605166642321,1.5684705644018475,0.45871080750721815,76.87484691458911,0.6893939393939394,158.0,0.011745300027541816,all_eligible,env_inverse_processing_time,stage_A_fixed_instances,True,0,0,0,0,0,0,True
SPT,large,test,370015,large_test_0015_seed_370015,684.2908620615456,363.37780096194706,83.97173977599235,0.3666430670441661,61.78690412836984,0.6893939393939394,158.0,0.01673610002035275,all_eligible,env_inverse_processing_time,stage_A_fixed_instances,True,0,0,0,0,0,0,True
LPT,large,test,370015,large_test_0015_seed_370015,590.9523907191333,409.69326226990665,137.34354407188337,0.4365501524060931,47.98378006096809,0.6893939393939394,158.0,0.01959859998896718,all_eligible,env_inverse_processing_time,stage_A_fixed_instances,True,0,0,0,0,0,0,True
MinCandidateLoad,large,test,370015,large_test_0015_seed_370015,572.1049352181816,306.37993247931325,38.34630254569015,0.43768743742719285,62.55602475012548,0.6893939393939394,158.0,0.014807900006417185,all_eligible,env_inverse_processing_time,stage_A_fixed_instances,True,0,0,0,0,0,0,True
GreedyECT,large,test,370015,large_test_0015_seed_370015,559.59466121555,270.13060498199695,7.552585599702662,0.44163141799617844,81.47606785866999,0.6893939393939394,158.0,0.018870299973059446,all_eligible,env_inverse_processing_time,stage_A_fixed_instances,True,0,0,0,0,0,0,True
Random,large,test,370016,large_test_0016_seed_370016,571.5906857040658,333.62458334186545,54.355216683494476,0.47940199282141527,40.64149870861242,0.6893939393939394,166.0,0.013426999968942255,all_eligible,env_inverse_processing_time,stage_A_fixed_instances,True,0,0,0,0,0,0,True
FIFO,large,test,370016,large_test_0016_seed_370016,509.89975285658164,273.39938969652394,2.4048347394206595,0.5265358104719162,63.820953688171066,0.6893939393939394,166.0,0.012260899995453656,all_eligible,env_inverse_processing_time,stage_A_fixed_instances,True,0,0,0,0,0,0,True
SPT,large,test,370016,large_test_0016_seed_370016,655.8421228254712,373.6541645545807,98.31580020381756,0.41854354883915323,43.35837375621233,0.6893939393939394,166.0,0.017082099977415055,all_eligible,env_inverse_processing_time,stage_A_fixed_instances,True,0,0,0,0,0,0,True
LPT,large,test,370016,large_test_0016_seed_370016,603.3260674797395,447.06554768020965,166.47305849481484,0.46361420338281106,48.06560811237362,0.6893939393939394,166.0,0.020487099944148213,all_eligible,env_inverse_processing_time,stage_A_fixed_instances,True,0,0,0,0,0,0,True
MinCandidateLoad,large,test,370016,large_test_0016_seed_370016,608.0120768987119,352.75009336754715,78.90338639472058,0.45028638328507786,55.21952328347773,0.6893939393939394,166.0,0.01641599996946752,all_eligible,env_inverse_processing_time,stage_A_fixed_instances,True,0,0,0,0,0,0,True
GreedyECT,large,test,370016,large_test_0016_seed_370016,521.8741674824433,277.2988440428039,8.78894255759249,0.517703882523442,56.91445941383693,0.6893939393939394,166.0,0.019033899996429682,all_eligible,env_inverse_processing_time,stage_A_fixed_instances,True,0,0,0,0,0,0,True
Random,large,test,370017,large_test_0017_seed_370017,574.3013502848484,330.159151524115,46.65631135173273,0.4387735700980237,38.35343856448963,0.7272727272727273,161.0,0.012759200006257743,all_eligible,env_inverse_processing_time,stage_A_fixed_instances,True,0,0,0,0,0,0,True
FIFO,large,test,370017,large_test_0017_seed_370017,524.2104762538426,279.866631367445,3.542998221427884,0.4658802198231595,66.94065339179569,0.7272727272727273,161.0,0.012217600014992058,all_eligible,env_inverse_processing_time,stage_A_fixed_instances,True,0,0,0,0,0,0,True
SPT,large,test,370017,large_test_0017_seed_370017,657.1562063532509,340.17440541247817,61.29682605566589,0.3809768399933444,46.56071492440405,0.7272727272727273,161.0,0.015686600003391504,all_eligible,env_inverse_processing_time,stage_A_fixed_instances,True,0,0,0,0,0,0,True
LPT,large,test,370017,large_test_0017_seed_370017,623.4786452932974,452.82244444115514,170.92795211590047,0.40543248524709635,37.22514581467801,0.7272727272727273,161.0,0.02012170001398772,all_eligible,env_inverse_processing_time,stage_A_fixed_instances,True,0,0,0,0,0,0,True
MinCandidateLoad,large,test,370017,large_test_0017_seed_370017,560.7141099084829,312.5322914393618,32.484896909678184,0.4441993902860477,45.60504115577896,0.7272727272727273,161.0,0.014894100022502244,all_eligible,env_inverse_processing_time,stage_A_fixed_instances,True,0,0,0,0,0,0,True
GreedyECT,large,test,370017,large_test_0017_seed_370017,537.5960228574585,280.56413114963135,7.671912201054817,0.45450645064334905,73.97722266532213,0.7272727272727273,161.0,0.01977369998348877,all_eligible,env_inverse_processing_time,stage_A_fixed_instances,True,0,0,0,0,0,0,True
Random,large,test,370018,large_test_0018_seed_370018,548.8465174762756,314.3170242806807,35.78742435591316,0.45333907404793106,61.15385050964583,0.7196969696969697,179.0,0.012425900029484183,all_eligible,env_inverse_processing_time,stage_A_fixed_instances,True,0,0,0,0,0,0,True
FIFO,large,test,370018,large_test_0018_seed_370018,520.6603581428967,272.45172723075575,2.615826783764273,0.4718826675071605,75.13538133632626,0.7196969696969697,179.0,0.011707500030752271,all_eligible,env_inverse_processing_time,stage_A_fixed_instances,True,0,0,0,0,0,0,True
SPT,large,test,370018,large_test_0018_seed_370018,690.3006162784877,364.6691152571014,89.43660061640645,0.3599035914278718,72.65921216489183,0.7196969696969697,179.0,0.017182699986733496,all_eligible,env_inverse_processing_time,stage_A_fixed_instances,True,0,0,0,0,0,0,True
LPT,large,test,370018,large_test_0018_seed_370018,649.4324527749856,477.83606391141916,199.01365649758037,0.38316418878918385,62.90899452309547,0.7196969696969697,179.0,0.022308099956717342,all_eligible,env_inverse_processing_time,stage_A_fixed_instances,True,0,0,0,0,0,0,True
MinCandidateLoad,large,test,370018,large_test_0018_seed_370018,556.6220374422563,310.7341170645251,36.04415594318029,0.4463492868302204,63.210189964969786,0.7196969696969697,179.0,0.015205100004095584,all_eligible,env_inverse_processing_time,stage_A_fixed_instances,True,0,0,0,0,0,0,True
GreedyECT,large,test,370018,large_test_0018_seed_370018,517.3557488891679,276.2339619562654,7.421762670581405,0.4849132123655099,62.0179231876188,0.7196969696969697,179.0,0.02081499999621883,all_eligible,env_inverse_processing_time,stage_A_fixed_instances,True,0,0,0,0,0,0,True
Random,large,test,370019,large_test_0019_seed_370019,579.4155709623102,350.3500553093367,83.66792467370215,0.49057016660938907,85.64497160480539,0.6363636363636364,147.0,0.015166600001975894,all_eligible,env_inverse_processing_time,stage_A_fixed_instances,True,0,0,0,0,0,0,True
FIFO,large,test,370019,large_test_0019_seed_370019,522.178,258.839389780773,4.3767886842910055,0.5367792138645576,99.87995080513538,0.6363636363636364,147.0,0.01408870000159368,all_eligible,env_inverse_processing_time,stage_A_fixed_instances,True,0,0,0,0,0,0,True
SPT,large,test,370019,large_test_0019_seed_370019,662.4513746842717,358.91728225360265,95.49842549805416,0.4339373982080887,91.0661428938624,0.6363636363636364,147.0,0.017535199993290007,all_eligible,env_inverse_processing_time,stage_A_fixed_instances,True,0,0,0,0,0,0,True
LPT,large,test,370019,large_test_0019_seed_370019,695.5595914441562,477.12997787521294,215.51973796617375,0.41177464709737177,82.4667761491219,0.6363636363636364,147.0,0.022510299982968718,all_eligible,env_inverse_processing_time,stage_A_fixed_instances,True,0,0,0,0,0,0,True
MinCandidateLoad,large,test,370019,large_test_0019_seed_370019,569.9037593710972,317.49763482765275,59.52971843466423,0.4938863404770276,92.13127589247027,0.6363636363636364,147.0,0.015721799980383366,all_eligible,env_inverse_processing_time,stage_A_fixed_instances,True,0,0,0,0,0,0,True
GreedyECT,large,test,370019,large_test_0019_seed_370019,526.1665127809185,263.3024185584014,12.260705680053622,0.5365135182812737,92.57876497522749,0.6363636363636364,147.0,0.020941800030414015,all_eligible,env_inverse_processing_time,stage_A_fixed_instances,True,0,0,0,0,0,0,True
Random,large,test,370020,large_test_0020_seed_370020,560.9658550175999,322.3182837920623,36.76963331932984,0.4934226063504817,51.30378932955816,0.696969696969697,159.0,0.011936199967749417,all_eligible,env_inverse_processing_time,stage_A_fixed_instances,True,0,0,0,0,0,0,True
FIFO,large,test,370020,large_test_0020_seed_370020,536.8761191829669,280.4104663559639,3.8100580878689603,0.5006372563532901,91.6099133444405,0.696969696969697,159.0,0.011511199991218746,all_eligible,env_inverse_processing_time,stage_A_fixed_instances,True,0,0,0,0,0,0,True
SPT,large,test,370020,large_test_0020_seed_370020,687.5511611207131,391.8819059578952,110.42982036408272,0.39825719792660497,67.79384768271555,0.696969696969697,159.0,0.018535099981818348,all_eligible,env_inverse_processing_time,stage_A_fixed_instances,True,0,0,0,0,0,0,True
LPT,large,test,370020,large_test_0020_seed_370020,637.6340012487497,458.13138698052177,162.91106792420723,0.43418744311205143,54.319621206594185,0.696969696969697,159.0,0.01937059999909252,all_eligible,env_inverse_processing_time,stage_A_fixed_instances,True,0,0,0,0,0,0,True
MinCandidateLoad,large,test,370020,large_test_0020_seed_370020,615.1283028674821,340.4761664152504,58.125219491703405,0.44244377813149144,80.19994368507112,0.696969696969697,159.0,0.014773600036278367,all_eligible,env_inverse_processing_time,stage_A_fixed_instances,True,0,0,0,0,0,0,True
GreedyECT,large,test,370020,large_test_0020_seed_370020,565.5429635020956,283.2832304429465,9.008270758697794,0.49014053792362056,64.217704061894,0.696969696969697,159.0,0.01953920000232756,all_eligible,env_inverse_processing_time,stage_A_fixed_instances,True,0,0,0,0,0,0,True
Random,large,test,370021,large_test_0021_seed_370021,544.9562038617313,312.01281062374045,37.2072574989577,0.4878543275331443,57.62925844420783,0.7272727272727273,168.0,0.01170460000867024,all_eligible,env_inverse_processing_time,stage_A_fixed_instances,True,0,0,0,0,0,0,True
FIFO,large,test,370021,large_test_0021_seed_370021,524.952073659877,267.93547050131997,2.0707643672830507,0.4941474088823571,78.63426206310137,0.7272727272727273,168.0,0.012849699996877462,all_eligible,env_inverse_processing_time,stage_A_fixed_instances,True,0,0,0,0,0,0,True
SPT,large,test,370021,large_test_0021_seed_370021,669.9427988652043,364.75563468155855,91.16248409436002,0.39732759525647027,62.87663581280191,0.7272727272727273,168.0,0.018769700021948665,all_eligible,env_inverse_processing_time,stage_A_fixed_instances,True,0,0,0,0,0,0,True
LPT,large,test,370021,large_test_0021_seed_370021,614.6109409759747,432.6647479915723,157.43391257670135,0.44057510229223035,48.50336272844612,0.7272727272727273,168.0,0.021565600007306784,all_eligible,env_inverse_processing_time,stage_A_fixed_instances,True,0,0,0,0,0,0,True
MinCandidateLoad,large,test,370021,large_test_0021_seed_370021,533.4172903394192,302.16350193900064,34.312585004007516,0.49102943208399946,82.88176703247248,0.7272727272727273,168.0,0.014382500026840717,all_eligible,env_inverse_processing_time,stage_A_fixed_instances,True,0,0,0,0,0,0,True
GreedyECT,large,test,370021,large_test_0021_seed_370021,527.5867971283463,272.0569392390578,7.67139648597095,0.5014360054370638,70.67214977565544,0.7272727272727273,168.0,0.018434600031469017,all_eligible,env_inverse_processing_time,stage_A_fixed_instances,True,0,0,0,0,0,0,True
Random,large,test,370022,large_test_0022_seed_370022,498.84458961152785,290.2388993334396,39.42982185873232,0.5407810936981446,44.4244405645162,0.7045454545454546,164.0,0.011734500003512949,all_eligible,env_inverse_processing_time,stage_A_fixed_instances,True,0,0,0,0,0,0,True
FIFO,large,test,370022,large_test_0022_seed_370022,488.18057286881805,242.9473566822957,2.688575353784634,0.532645338034303,69.71025188008937,0.7045454545454546,164.0,0.010893500002566725,all_eligible,env_inverse_processing_time,stage_A_fixed_instances,True,0,0,0,0,0,0,True
SPT,large,test,370022,large_test_0022_seed_370022,620.5753363981431,341.0707934424178,95.95647325392225,0.42745874231699127,51.98598428886105,0.7045454545454546,164.0,0.015537100029177964,all_eligible,env_inverse_processing_time,stage_A_fixed_instances,True,0,0,0,0,0,0,True
LPT,large,test,370022,large_test_0022_seed_370022,592.0733755657337,420.34154345399014,162.70928555108645,0.4474243494694907,48.197239253978076,0.7045454545454546,164.0,0.019335600023623556,all_eligible,env_inverse_processing_time,stage_A_fixed_instances,True,0,0,0,0,0,0,True
MinCandidateLoad,large,test,370022,large_test_0022_seed_370022,536.2147572379097,305.0730557431358,59.175349565310626,0.49151612012477974,58.31799006326501,0.7045454545454546,164.0,0.01554820005549118,all_eligible,env_inverse_processing_time,stage_A_fixed_instances,True,0,0,0,0,0,0,True
GreedyECT,large,test,370022,large_test_0022_seed_370022,496.7041818186012,250.4611952206677,12.29117904579365,0.5214309439776349,74.29913441697056,0.7045454545454546,164.0,0.01923420000821352,all_eligible,env_inverse_processing_time,stage_A_fixed_instances,True,0,0,0,0,0,0,True
Random,large,test,370023,large_test_0023_seed_370023,560.7346998995905,300.5191599405515,29.322079521711476,0.4725543176820122,34.2271316853552,0.7045454545454546,169.0,0.011210299970116466,all_eligible,env_inverse_processing_time,stage_A_fixed_instances,True,0,0,0,0,0,0,True
FIFO,large,test,370023,large_test_0023_seed_370023,497.82539855708876,268.1850490022147,2.7186786088812034,0.5199648650153188,60.92269183470581,0.7045454545454546,169.0,0.010903800022788346,all_eligible,env_inverse_processing_time,stage_A_fixed_instances,True,0,0,0,0,0,0,True
SPT,large,test,370023,large_test_0023_seed_370023,696.9785212842378,355.1138591016588,87.102631632742,0.3756096663007245,34.62713264986578,0.7045454545454546,169.0,0.014946999959647655,all_eligible,env_inverse_processing_time,stage_A_fixed_instances,True,0,0,0,0,0,0,True
LPT,large,test,370023,large_test_0023_seed_370023,584.0644441590248,377.62683756988946,104.35322124786195,0.4517204303437427,47.65774444667837,0.7045454545454546,169.0,0.016700899985153228,all_eligible,env_inverse_processing_time,stage_A_fixed_instances,True,0,0,0,0,0,0,True
MinCandidateLoad,large,test,370023,large_test_0023_seed_370023,564.9908824070562,306.2318870913126,35.67215996255947,0.4654440818162391,54.92489354710784,0.7045454545454546,169.0,0.01396099996054545,all_eligible,env_inverse_processing_time,stage_A_fixed_instances,True,0,0,0,0,0,0,True
GreedyECT,large,test,370023,large_test_0023_seed_370023,546.1183441926181,271.8984936935484,9.375550776577727,0.47971247918196164,53.6049309720977,0.7045454545454546,169.0,0.01783079997403547,all_eligible,env_inverse_processing_time,stage_A_fixed_instances,True,0,0,0,0,0,0,True
Random,large,test,370024,large_test_0024_seed_370024,599.3235947062893,330.41150737134654,51.48097614624382,0.48106543020126374,79.54775486486942,0.6818181818181818,169.0,0.01205719995778054,all_eligible,env_inverse_processing_time,stage_A_fixed_instances,True,0,0,0,0,0,0,True
FIFO,large,test,370024,large_test_0024_seed_370024,504.98546707355405,274.2939018476067,4.190039386945414,0.5593945379265206,87.92473116435542,0.6818181818181818,169.0,0.013460900052450597,all_eligible,env_inverse_processing_time,stage_A_fixed_instances,True,0,0,0,0,0,0,True
SPT,large,test,370024,large_test_0024_seed_370024,712.30872144159,380.1664928547182,107.74010166578768,0.4024275081719357,77.9182136583017,0.6818181818181818,169.0,0.020365000003948808,all_eligible,env_inverse_processing_time,stage_A_fixed_instances,True,0,0,0,0,0,0,True
LPT,large,test,370024,large_test_0024_seed_370024,662.5928999342294,472.0599486444318,186.83932354290133,0.43839110466961584,81.05311300855162,0.6818181818181818,169.0,0.0245234000030905,all_eligible,env_inverse_processing_time,stage_A_fixed_instances,True,0,0,0,0,0,0,True
MinCandidateLoad,large,test,370024,large_test_0024_seed_370024,626.7300754363584,325.4170187609347,51.075142218067604,0.4568948523859393,84.66709439783514,0.6818181818181818,169.0,0.01864600001135841,all_eligible,env_inverse_processing_time,stage_A_fixed_instances,True,0,0,0,0,0,0,True
GreedyECT,large,test,370024,large_test_0024_seed_370024,558.6552826550779,278.79388047298124,13.096742790055076,0.5038681771141175,92.4345406339369,0.6818181818181818,169.0,0.02377989998785779,all_eligible,env_inverse_processing_time,stage_A_fixed_instances,True,0,0,0,0,0,0,True
Random,large,test,370025,large_test_0025_seed_370025,625.5671295738515,363.60400503846114,63.98405400505987,0.4907848062623163,110.63556297860733,0.6893939393939394,169.0,0.014344599971082062,all_eligible,env_inverse_processing_time,stage_A_fixed_instances,True,0,0,0,0,0,0,True
FIFO,large,test,370025,large_test_0025_seed_370025,578.5042307578817,297.85889234411405,7.9646347270645474,0.521065863469686,125.81228155581661,0.6893939393939394,169.0,0.01387820002855733,all_eligible,env_inverse_processing_time,stage_A_fixed_instances,True,0,0,0,0,0,0,True
SPT,large,test,370025,large_test_0025_seed_370025,794.4496590864084,402.9488857810125,111.7347792476766,0.3819862882651635,119.12819342969888,0.6893939393939394,169.0,0.01804309996077791,all_eligible,env_inverse_processing_time,stage_A_fixed_instances,True,0,0,0,0,0,0,True
LPT,large,test,370025,large_test_0025_seed_370025,727.1394874014777,506.45399994250494,200.9681029489476,0.4181915755065696,115.61996126928612,0.6893939393939394,169.0,0.024032399989664555,all_eligible,env_inverse_processing_time,stage_A_fixed_instances,True,0,0,0,0,0,0,True
MinCandidateLoad,large,test,370025,large_test_0025_seed_370025,700.246195318053,379.07415588072246,84.57431125258975,0.43204944007380536,116.65504100320256,0.6893939393939394,169.0,0.019596699974499643,all_eligible,env_inverse_processing_time,stage_A_fixed_instances,True,0,0,0,0,0,0,True
GreedyECT,large,test,370025,large_test_0025_seed_370025,599.990565051519,302.8058411839729,16.889614146375365,0.5040257174757204,113.36573862773825,0.6893939393939394,169.0,0.024543799983803183,all_eligible,env_inverse_processing_time,stage_A_fixed_instances,True,0,0,0,0,0,0,True
Random,large,test,370026,large_test_0026_seed_370026,546.0811775226848,315.56081810642996,31.640308075741682,0.4812492139991979,73.94698017192628,0.6590909090909091,140.0,0.013458499975968152,all_eligible,env_inverse_processing_time,stage_A_fixed_instances,True,0,0,0,0,0,0,True
FIFO,large,test,370026,large_test_0026_seed_370026,536.8451218144658,281.66229178798824,3.5092167460800274,0.481120792958856,84.37597974251236,0.6590909090909091,140.0,0.012991600029636174,all_eligible,env_inverse_processing_time,stage_A_fixed_instances,True,0,0,0,0,0,0,True
SPT,large,test,370026,large_test_0026_seed_370026,711.7691077252465,349.1848804596784,66.14915885475065,0.3784936523031434,76.77608481226063,0.6590909090909091,140.0,0.016546099970582873,all_eligible,env_inverse_processing_time,stage_A_fixed_instances,True,0,0,0,0,0,0,True
LPT,large,test,370026,large_test_0026_seed_370026,653.8231813168234,495.31458839941433,210.66104167466312,0.40753176443784556,64.75724572408329,0.6590909090909091,140.0,0.02149640000425279,all_eligible,env_inverse_processing_time,stage_A_fixed_instances,True,0,0,0,0,0,0,True
MinCandidateLoad,large,test,370026,large_test_0026_seed_370026,540.8703551639112,319.75487158727327,36.73002349027391,0.4859245623567623,75.4151564496887,0.6590909090909091,140.0,0.015361399971880019,all_eligible,env_inverse_processing_time,stage_A_fixed_instances,True,0,0,0,0,0,0,True
GreedyECT,large,test,370026,large_test_0026_seed_370026,533.0413320909487,285.0693138133246,8.657672794087802,0.4966150128374467,67.09427301341745,0.6590909090909091,140.0,0.019702899968251586,all_eligible,env_inverse_processing_time,stage_A_fixed_instances,True,0,0,0,0,0,0,True
Random,large,test,370027,large_test_0027_seed_370027,558.6357652605142,299.4556214287674,34.12218643903582,0.4795473640935872,92.57033459107878,0.6666666666666666,153.0,0.012627400050405413,all_eligible,env_inverse_processing_time,stage_A_fixed_instances,True,0,0,0,0,0,0,True
FIFO,large,test,370027,large_test_0027_seed_370027,533.5252358540067,262.45174518802463,3.186308006275086,0.4853972023262551,101.62107984203831,0.6666666666666666,153.0,0.012209000007715076,all_eligible,env_inverse_processing_time,stage_A_fixed_instances,True,0,0,0,0,0,0,True
SPT,large,test,370027,large_test_0027_seed_370027,673.0325743028271,354.2286061625876,90.61427335784416,0.39190589186083613,99.27368428969818,0.6666666666666666,153.0,0.016269099956844002,all_eligible,env_inverse_processing_time,stage_A_fixed_instances,True,0,0,0,0,0,0,True
LPT,large,test,370027,large_test_0027_seed_370027,612.0098867456784,435.367981392779,167.6154278332935,0.43785193356423124,93.61902742458844,0.6666666666666666,153.0,0.021031999960541725,all_eligible,env_inverse_processing_time,stage_A_fixed_instances,True,0,0,0,0,0,0,True
MinCandidateLoad,large,test,370027,large_test_0027_seed_370027,586.0952446985366,326.67461907888617,65.09890157072819,0.45234451829955297,92.80813325207151,0.6666666666666666,153.0,0.016861499985679984,all_eligible,env_inverse_processing_time,stage_A_fixed_instances,True,0,0,0,0,0,0,True
GreedyECT,large,test,370027,large_test_0027_seed_370027,533.4967907124483,264.9412249567885,9.695797696764943,0.48776276129714974,100.4301365849934,0.6666666666666666,153.0,0.021870700002182275,all_eligible,env_inverse_processing_time,stage_A_fixed_instances,True,0,0,0,0,0,0,True
Random,large,test,370028,large_test_0028_seed_370028,740.5081424928657,367.8926513875539,82.73514381748211,0.43962768948906544,131.03108650221014,0.6515151515151515,146.0,0.01374480000231415,all_eligible,env_inverse_processing_time,stage_A_fixed_instances,True,0,0,0,0,0,0,True
FIFO,large,test,370028,large_test_0028_seed_370028,591.7271207564355,286.2673201129678,8.736821045271126,0.5274382265238816,150.60259034757814,0.6515151515151515,146.0,0.013490599987562746,all_eligible,env_inverse_processing_time,stage_A_fixed_instances,True,0,0,0,0,0,0,True
SPT,large,test,370028,large_test_0028_seed_370028,943.303924290877,444.75853462223296,163.8018568413995,0.3363399321226598,129.7776268779003,0.6515151515151515,146.0,0.0189257999882102,all_eligible,env_inverse_processing_time,stage_A_fixed_instances,True,0,0,0,0,0,0,True
LPT,large,test,370028,large_test_0028_seed_370028,726.8636285417871,499.6612592782401,201.74881763525696,0.44311846806801347,123.38254286045785,0.6515151515151515,146.0,0.02257800003280863,all_eligible,env_inverse_processing_time,stage_A_fixed_instances,True,0,0,0,0,0,0,True
MinCandidateLoad,large,test,370028,large_test_0028_seed_370028,727.2923569919855,330.4606040509936,54.176058009117554,0.43106980113598736,137.19609927973502,0.6515151515151515,146.0,0.016655699990224093,all_eligible,env_inverse_processing_time,stage_A_fixed_instances,True,0,0,0,0,0,0,True
GreedyECT,large,test,370028,large_test_0028_seed_370028,631.3940474992567,287.2501680333849,16.65185450011194,0.4954074614507285,145.4891195181996,0.6515151515151515,146.0,0.022313400055281818,all_eligible,env_inverse_processing_time,stage_A_fixed_instances,True,0,0,0,0,0,0,True
Random,large,test,370029,large_test_0029_seed_370029,519.6330437409539,306.8942221576854,38.61541794264301,0.5239239633315371,40.702146353730924,0.6515151515151515,138.0,0.013304500025697052,all_eligible,env_inverse_processing_time,stage_A_fixed_instances,True,0,0,0,0,0,0,True
FIFO,large,test,370029,large_test_0029_seed_370029,501.95,260.5133396083471,3.553667065842303,0.5173526690061923,71.01976400251351,0.6515151515151515,138.0,0.012884699972346425,all_eligible,env_inverse_processing_time,stage_A_fixed_instances,True,0,0,0,0,0,0,True
SPT,large,test,370029,large_test_0029_seed_370029,691.1537736882151,383.6327643563463,114.38068212439781,0.38689843828752785,58.99469671401741,0.6515151515151515,138.0,0.019624800013843924,all_eligible,env_inverse_processing_time,stage_A_fixed_instances,True,0,0,0,0,0,0,True
LPT,large,test,370029,large_test_0029_seed_370029,639.3398360996608,451.0594269678189,186.32109442896655,0.42242899596951367,40.4928695290401,0.6515151515151515,138.0,0.023062099993694574,all_eligible,env_inverse_processing_time,stage_A_fixed_instances,True,0,0,0,0,0,0,True
MinCandidateLoad,large,test,370029,large_test_0029_seed_370029,523.7586911221618,302.22709187528534,42.70424222816536,0.5023460571637229,54.74145407439425,0.6515151515151515,138.0,0.016093799960799515,all_eligible,env_inverse_processing_time,stage_A_fixed_instances,True,0,0,0,0,0,0,True
GreedyECT,large,test,370029,large_test_0029_seed_370029,511.2022144744401,262.749752505484,8.395378678827731,0.5101971095904673,66.2274543775172,0.6515151515151515,138.0,0.019832300022244453,all_eligible,env_inverse_processing_time,stage_A_fixed_instances,True,0,0,0,0,0,0,True
Random,large,test,370030,large_test_0030_seed_370030,602.3985777587759,317.7523402654794,55.734004679191465,0.4532049406814521,73.68970164748228,0.6590909090909091,171.0,0.013447800010908395,all_eligible,env_inverse_processing_time,stage_A_fixed_instances,True,0,0,0,0,0,0,True
FIFO,large,test,370030,large_test_0030_seed_370030,547.3693127731142,257.04234300252386,3.789304722452913,0.4887441104515294,91.45087294112788,0.6590909090909091,171.0,0.012698500009719282,all_eligible,env_inverse_processing_time,stage_A_fixed_instances,True,0,0,0,0,0,0,True
SPT,large,test,370030,large_test_0030_seed_370030,759.46434867389,354.4038018003953,97.80526708350985,0.3574508332163995,87.12712124180767,0.6590909090909091,171.0,0.01601879997178912,all_eligible,env_inverse_processing_time,stage_A_fixed_instances,True,0,0,0,0,0,0,True
LPT,large,test,370030,large_test_0030_seed_370030,637.1814586282702,453.0977418406686,181.4633691374367,0.4416270105636296,75.7041600468734,0.6590909090909091,171.0,0.020703300018794835,all_eligible,env_inverse_processing_time,stage_A_fixed_instances,True,0,0,0,0,0,0,True
MinCandidateLoad,large,test,370030,large_test_0030_seed_370030,635.1922681745368,354.165047132913,91.09398182030232,0.4249575131393412,85.4840940758774,0.6590909090909091,171.0,0.01874369999859482,all_eligible,env_inverse_processing_time,stage_A_fixed_instances,True,0,0,0,0,0,0,True
GreedyECT,large,test,370030,large_test_0030_seed_370030,557.0227205258318,260.17802385347335,9.340860143987648,0.4862642750778968,79.39349872196595,0.6590909090909091,171.0,0.021916600002441555,all_eligible,env_inverse_processing_time,stage_A_fixed_instances,True,0,0,0,0,0,0,True
Random,large,test,370031,large_test_0031_seed_370031,568.2864283770632,286.7843097654486,23.566225130427537,0.45300245055640864,60.814765479310495,0.7045454545454546,164.0,0.013787999982014298,all_eligible,env_inverse_processing_time,stage_A_fixed_instances,True,0,0,0,0,0,0,True
FIFO,large,test,370031,large_test_0031_seed_370031,511.43251159367935,257.87239807459974,1.958590145924626,0.499875704579066,60.818064504009676,0.7045454545454546,164.0,0.011910100001841784,all_eligible,env_inverse_processing_time,stage_A_fixed_instances,True,0,0,0,0,0,0,True
SPT,large,test,370031,large_test_0031_seed_370031,655.0833965806962,351.0350129533309,89.77721381520043,0.39494906334257723,63.79641267793375,0.7045454545454546,164.0,0.0156501000165008,all_eligible,env_inverse_processing_time,stage_A_fixed_instances,True,0,0,0,0,0,0,True
LPT,large,test,370031,large_test_0031_seed_370031,599.8939084119795,420.2247794302932,154.68825658218438,0.43691185206498834,67.95653695192559,0.7045454545454546,164.0,0.01795969996601343,all_eligible,env_inverse_processing_time,stage_A_fixed_instances,True,0,0,0,0,0,0,True
MinCandidateLoad,large,test,370031,large_test_0031_seed_370031,583.983319463289,340.51070575346097,80.14642112257903,0.4364854813077144,74.60796769858729,0.7045454545454546,164.0,0.015201499976683408,all_eligible,env_inverse_processing_time,stage_A_fixed_instances,True,0,0,0,0,0,0,True
GreedyECT,large,test,370031,large_test_0031_seed_370031,515.2470106450336,263.3209994772785,10.137590628689056,0.4992191740370727,65.97344019402864,0.7045454545454546,164.0,0.018344399984925985,all_eligible,env_inverse_processing_time,stage_A_fixed_instances,True,0,0,0,0,0,0,True
Random,large,test,370032,large_test_0032_seed_370032,552.7685518225115,316.57413631440767,40.12511335490088,0.5005301353793356,49.41509290950021,0.6742424242424242,150.0,0.011606300016865134,all_eligible,env_inverse_processing_time,stage_A_fixed_instances,True,0,0,0,0,0,0,True
FIFO,large,test,370032,large_test_0032_seed_370032,516.2919423784147,272.95603715157137,3.2787604460628614,0.5276414135420252,65.515054213554,0.6742424242424242,150.0,0.011047900014091283,all_eligible,env_inverse_processing_time,stage_A_fixed_instances,True,0,0,0,0,0,0,True
SPT,large,test,370032,large_test_0032_seed_370032,621.5589910204807,375.0765691165145,100.8780499098905,0.4439711475437406,52.992489924023346,0.6742424242424242,150.0,0.01600699999835342,all_eligible,env_inverse_processing_time,stage_A_fixed_instances,True,0,0,0,0,0,0,True
LPT,large,test,370032,large_test_0032_seed_370032,652.472342474111,421.80017400498855,146.8614253924513,0.4228456774195671,50.57701060383239,0.6742424242424242,150.0,0.018152200034819543,all_eligible,env_inverse_processing_time,stage_A_fixed_instances,True,0,0,0,0,0,0,True
MinCandidateLoad,large,test,370032,large_test_0032_seed_370032,591.7305344940941,338.75623263197434,65.9865940962093,0.46425978907646237,51.84889793599151,0.6742424242424242,150.0,0.01567839999916032,all_eligible,env_inverse_processing_time,stage_A_fixed_instances,True,0,0,0,0,0,0,True
GreedyECT,large,test,370032,large_test_0032_seed_370032,525.5823897667835,275.36031945125296,7.838057087784524,0.5187360054690044,55.30503779430943,0.6742424242424242,150.0,0.019993100024294108,all_eligible,env_inverse_processing_time,stage_A_fixed_instances,True,0,0,0,0,0,0,True
Random,large,test,370033,large_test_0033_seed_370033,562.905409083246,314.352569583328,25.861582475809577,0.4541327122269029,75.5134765202823,0.75,167.0,0.012807600025553256,all_eligible,env_inverse_processing_time,stage_A_fixed_instances,True,0,0,0,0,0,0,True
FIFO,large,test,370033,large_test_0033_seed_370033,518.2210150603478,287.259411482136,3.353677101838405,0.4781674811765407,92.50528807963235,0.75,167.0,0.01295199996093288,all_eligible,env_inverse_processing_time,stage_A_fixed_instances,True,0,0,0,0,0,0,True
SPT,large,test,370033,large_test_0033_seed_370033,658.1240326387998,367.7251846722158,75.90250582924325,0.3873275743211337,76.37214837742283,0.75,167.0,0.017258499981835485,all_eligible,env_inverse_processing_time,stage_A_fixed_instances,True,0,0,0,0,0,0,True
LPT,large,test,370033,large_test_0033_seed_370033,637.1769486776902,447.5412665329685,154.44697248560823,0.40222023887739095,73.39613926137066,0.75,167.0,0.02125960000557825,all_eligible,env_inverse_processing_time,stage_A_fixed_instances,True,0,0,0,0,0,0,True
MinCandidateLoad,large,test,370033,large_test_0033_seed_370033,571.4437543512803,325.87400458470194,38.180744897512724,0.44688729726671855,70.6444332408016,0.75,167.0,0.01830389996757731,all_eligible,env_inverse_processing_time,stage_A_fixed_instances,True,0,0,0,0,0,0,True
GreedyECT,large,test,370033,large_test_0033_seed_370033,536.2249288246597,290.0398357743607,8.302508885451626,0.4653949790894083,79.32502740475645,0.75,167.0,0.022221399995032698,all_eligible,env_inverse_processing_time,stage_A_fixed_instances,True,0,0,0,0,0,0,True
Random,large,test,370034,large_test_0034_seed_370034,534.5936279453053,292.49468461027163,31.589568290721253,0.48696461792572787,67.890438123419,0.6666666666666666,168.0,0.01460870000300929,all_eligible,env_inverse_processing_time,stage_A_fixed_instances,True,0,0,0,0,0,0,True
FIFO,large,test,370034,large_test_0034_seed_370034,526.5202986657141,251.04413309939946,2.279820519865901,0.47876435320456234,85.16947390181629,0.6666666666666666,168.0,0.013388700026553124,all_eligible,env_inverse_processing_time,stage_A_fixed_instances,True,0,0,0,0,0,0,True
SPT,large,test,370034,large_test_0034_seed_370034,637.7065841823842,337.6773587661861,83.84952373150072,0.4043513805358454,62.13587157964374,0.6666666666666666,168.0,0.018681899993680418,all_eligible,env_inverse_processing_time,stage_A_fixed_instances,True,0,0,0,0,0,0,True
LPT,large,test,370034,large_test_0034_seed_370034,629.5635362549314,441.09681023731696,181.63610071327167,0.4098775899676993,75.35022076994342,0.6666666666666666,168.0,0.024042500008363277,all_eligible,env_inverse_processing_time,stage_A_fixed_instances,True,0,0,0,0,0,0,True
MinCandidateLoad,large,test,370034,large_test_0034_seed_370034,560.2439027202367,301.57578068686394,51.43638750619152,0.45356724742478083,86.62346819825271,0.6666666666666666,168.0,0.01689490000717342,all_eligible,env_inverse_processing_time,stage_A_fixed_instances,True,0,0,0,0,0,0,True
GreedyECT,large,test,370034,large_test_0034_seed_370034,522.6383072357505,255.95220275022393,9.321589013026578,0.49108208408446363,78.96830581364348,0.6666666666666666,168.0,0.022404499992262572,all_eligible,env_inverse_processing_time,stage_A_fixed_instances,True,0,0,0,0,0,0,True
Random,large,test,370035,large_test_0035_seed_370035,583.3876648918075,339.785637955636,49.59171777845623,0.4876551910815972,50.652448481950756,0.6590909090909091,141.0,0.013283500040415674,all_eligible,env_inverse_processing_time,stage_A_fixed_instances,True,0,0,0,0,0,0,True
FIFO,large,test,370035,large_test_0035_seed_370035,576.8979408381681,284.9295097266846,4.128710293536613,0.47794711558355185,78.51524352039429,0.6590909090909091,141.0,0.012286700017284602,all_eligible,env_inverse_processing_time,stage_A_fixed_instances,True,0,0,0,0,0,0,True
SPT,large,test,370035,large_test_0035_seed_370035,729.6564647967444,363.80731594822055,77.96854511509586,0.3846467493478832,63.43211614220132,0.6590909090909091,141.0,0.01578790001804009,all_eligible,env_inverse_processing_time,stage_A_fixed_instances,True,0,0,0,0,0,0,True
LPT,large,test,370035,large_test_0035_seed_370035,639.8021286256761,482.01187498782764,191.28986855600544,0.4432967123329443,45.56782307290932,0.6590909090909091,141.0,0.02057359996251762,all_eligible,env_inverse_processing_time,stage_A_fixed_instances,True,0,0,0,0,0,0,True
MinCandidateLoad,large,test,370035,large_test_0035_seed_370035,607.5995651706247,349.6807769556135,67.20564847660432,0.4609318393767956,71.65359913332966,0.6590909090909091,141.0,0.015494199993554503,all_eligible,env_inverse_processing_time,stage_A_fixed_instances,True,0,0,0,0,0,0,True
GreedyECT,large,test,370035,large_test_0035_seed_370035,609.31721122008,288.87098622036075,11.825531467702463,0.45220193726481595,97.37248238346092,0.6590909090909091,141.0,0.01977360004093498,all_eligible,env_inverse_processing_time,stage_A_fixed_instances,True,0,0,0,0,0,0,True
Random,large,test,370036,large_test_0036_seed_370036,595.9645042353939,351.99969778543647,55.39005541517136,0.442493999054033,50.305374128745036,0.6666666666666666,166.0,0.012251799984369427,all_eligible,env_inverse_processing_time,stage_A_fixed_instances,True,0,0,0,0,0,0,True
FIFO,large,test,370036,large_test_0036_seed_370036,539.5749675062898,292.57441617780273,2.8636439751380247,0.46926197173355627,78.27681044625294,0.6666666666666666,166.0,0.0119074999820441,all_eligible,env_inverse_processing_time,stage_A_fixed_instances,True,0,0,0,0,0,0,True
SPT,large,test,370036,large_test_0036_seed_370036,694.6825818734759,378.9011011049689,84.58705682060001,0.3697983855501138,56.259717448059064,0.6666666666666666,166.0,0.015838899998925626,all_eligible,env_inverse_processing_time,stage_A_fixed_instances,True,0,0,0,0,0,0,True
LPT,large,test,370036,large_test_0036_seed_370036,644.0679359732575,463.853363358257,166.74980636527283,0.40637131469439813,60.77860711667396,0.6666666666666666,166.0,0.018632899969816208,all_eligible,env_inverse_processing_time,stage_A_fixed_instances,True,0,0,0,0,0,0,True
MinCandidateLoad,large,test,370036,large_test_0036_seed_370036,585.4260439922748,360.82321436818694,69.61337459355508,0.4434958692755013,65.81908556923293,0.6666666666666666,166.0,0.015881800034549087,all_eligible,env_inverse_processing_time,stage_A_fixed_instances,True,0,0,0,0,0,0,True
GreedyECT,large,test,370036,large_test_0036_seed_370036,546.3631713530087,295.7561946042076,8.079573851424708,0.4787039578737677,42.07851090227826,0.6666666666666666,166.0,0.018415800004731864,all_eligible,env_inverse_processing_time,stage_A_fixed_instances,True,0,0,0,0,0,0,True
Random,large,test,370037,large_test_0037_seed_370037,599.8414420796479,338.46028356605046,47.95764441944363,0.43805237719504403,86.47944599617759,0.6893939393939394,157.0,0.011912800022400916,all_eligible,env_inverse_processing_time,stage_A_fixed_instances,True,0,0,0,0,0,0,True
FIFO,large,test,370037,large_test_0037_seed_370037,543.8679999999999,283.8013636274776,2.548549255027291,0.4787646467805875,76.56582990517157,0.6893939393939394,157.0,0.011362100020051003,all_eligible,env_inverse_processing_time,stage_A_fixed_instances,True,0,0,0,0,0,0,True
SPT,large,test,370037,large_test_0037_seed_370037,683.9857304549316,361.16169591229357,76.65129479035362,0.38491957945446476,69.75636823929744,0.6893939393939394,157.0,0.01562060002470389,all_eligible,env_inverse_processing_time,stage_A_fixed_instances,True,0,0,0,0,0,0,True
LPT,large,test,370037,large_test_0037_seed_370037,635.2573505494747,451.1127262746281,164.48349948777084,0.41199751771357995,81.15267861789775,0.6893939393939394,157.0,0.019664899969939142,all_eligible,env_inverse_processing_time,stage_A_fixed_instances,True,0,0,0,0,0,0,True
MinCandidateLoad,large,test,370037,large_test_0037_seed_370037,581.7122198010289,334.01358425996733,51.682782772585476,0.45097595655931166,73.69789290793035,0.6893939393939394,157.0,0.015261499967891723,all_eligible,env_inverse_processing_time,stage_A_fixed_instances,True,0,0,0,0,0,0,True
GreedyECT,large,test,370037,large_test_0037_seed_370037,532.0806667157506,285.4952305865291,7.486831149248451,0.487683102211558,85.67318475807045,0.6893939393939394,157.0,0.018040399998426437,all_eligible,env_inverse_processing_time,stage_A_fixed_instances,True,0,0,0,0,0,0,True
Random,large,test,370038,large_test_0038_seed_370038,536.450777419196,322.25701217411927,31.827930017080945,0.47434763714076883,50.17910910479081,0.6666666666666666,148.0,0.011829299968667328,all_eligible,env_inverse_processing_time,stage_A_fixed_instances,True,0,0,0,0,0,0,True
FIFO,large,test,370038,large_test_0038_seed_370038,523.7480413614336,287.9477015421318,4.229123298147424,0.4676868624677917,86.04097224774712,0.6666666666666666,148.0,0.011197099986020476,all_eligible,env_inverse_processing_time,stage_A_fixed_instances,True,0,0,0,0,0,0,True
SPT,large,test,370038,large_test_0038_seed_370038,646.5704344509485,388.4800434870149,95.9146763785152,0.39208606929054707,70.14322504581273,0.6666666666666666,148.0,0.016694300051312894,all_eligible,env_inverse_processing_time,stage_A_fixed_instances,True,0,0,0,0,0,0,True
LPT,large,test,370038,large_test_0038_seed_370038,615.5927555010732,407.75643341435205,112.45178307240602,0.4191650327297634,50.15210221479395,0.6666666666666666,148.0,0.018125100003089756,all_eligible,env_inverse_processing_time,stage_A_fixed_instances,True,0,0,0,0,0,0,True
MinCandidateLoad,large,test,370038,large_test_0038_seed_370038,569.9049577845263,337.7965748460342,46.25370550281866,0.44734575685329186,48.70843463563206,0.6666666666666666,148.0,0.015176900022197515,all_eligible,env_inverse_processing_time,stage_A_fixed_instances,True,0,0,0,0,0,0,True
GreedyECT,large,test,370038,large_test_0038_seed_370038,530.0674401794,291.3487027235392,8.18936593872726,0.46659202205666855,80.8681668250689,0.6666666666666666,148.0,0.018488100031390786,all_eligible,env_inverse_processing_time,stage_A_fixed_instances,True,0,0,0,0,0,0,True
Random,large,test,370039,large_test_0039_seed_370039,579.4296884477897,317.5436887518801,48.44486784418886,0.4658231006933665,38.85847615250825,0.6818181818181818,162.0,0.012262100004591048,all_eligible,env_inverse_processing_time,stage_A_fixed_instances,True,0,0,0,0,0,0,True
FIFO,large,test,370039,large_test_0039_seed_370039,518.1663356799037,263.95204617587723,2.385823764880635,0.49577397063921685,77.57977400653976,0.6818181818181818,162.0,0.011306600004900247,all_eligible,env_inverse_processing_time,stage_A_fixed_instances,True,0,0,0,0,0,0,True
SPT,large,test,370039,large_test_0039_seed_370039,646.5824481713674,353.3522866460177,85.42295259351881,0.41210824439909804,38.38495149653167,0.6818181818181818,162.0,0.015864100016187876,all_eligible,env_inverse_processing_time,stage_A_fixed_instances,True,0,0,0,0,0,0,True
LPT,large,test,370039,large_test_0039_seed_370039,622.0466468502864,475.8053700585492,195.02539832162523,0.43047599064078024,47.862093529941745,0.6818181818181818,162.0,0.021894800011068583,all_eligible,env_inverse_processing_time,stage_A_fixed_instances,True,0,0,0,0,0,0,True
MinCandidateLoad,large,test,370039,large_test_0039_seed_370039,618.6843267635234,346.1953544408661,77.98888984562534,0.4316234803013151,46.51960581946514,0.6818181818181818,162.0,0.016833600006066263,all_eligible,env_inverse_processing_time,stage_A_fixed_instances,True,0,0,0,0,0,0,True
GreedyECT,large,test,370039,large_test_0039_seed_370039,535.3304369682548,267.3053338553541,7.091032250208565,0.49254961496443095,42.63677786461216,0.6818181818181818,162.0,0.019643399980850518,all_eligible,env_inverse_processing_time,stage_A_fixed_instances,True,0,0,0,0,0,0,True
Random,large,test,370040,large_test_0040_seed_370040,520.3200459588745,285.3005584156846,24.493243464486003,0.48360703803637256,35.2638751072881,0.7121212121212122,169.0,0.013182899972889572,all_eligible,env_inverse_processing_time,stage_A_fixed_instances,True,0,0,0,0,0,0,True
FIFO,large,test,370040,large_test_0040_seed_370040,512.7050778833237,256.72567097859354,1.6791755462659455,0.4816150399824985,54.86066861649464,0.7121212121212122,169.0,0.010552200023084879,all_eligible,env_inverse_processing_time,stage_A_fixed_instances,True,0,0,0,0,0,0,True
SPT,large,test,370040,large_test_0040_seed_370040,618.5666358458255,343.97288216506877,83.66554439671297,0.40499679101770986,42.61338004952781,0.7121212121212122,169.0,0.014556200010702014,all_eligible,env_inverse_processing_time,stage_A_fixed_instances,True,0,0,0,0,0,0,True
LPT,large,test,370040,large_test_0040_seed_370040,614.1334412400621,431.55432440516734,170.18857445643823,0.40924957629654724,40.19169848872918,0.7121212121212122,169.0,0.018895899993367493,all_eligible,env_inverse_processing_time,stage_A_fixed_instances,True,0,0,0,0,0,0,True
MinCandidateLoad,large,test,370040,large_test_0040_seed_370040,560.6077691071093,293.9352859304275,31.484384973927675,0.44663923061475846,46.173875828731575,0.7121212121212122,169.0,0.014228600019123405,all_eligible,env_inverse_processing_time,stage_A_fixed_instances,True,0,0,0,0,0,0,True
GreedyECT,large,test,370040,large_test_0040_seed_370040,508.2126919318353,259.09371062775716,5.130200956210265,0.4900018299181439,39.80273627784067,0.7121212121212122,169.0,0.018108899996150285,all_eligible,env_inverse_processing_time,stage_A_fixed_instances,True,0,0,0,0,0,0,True
Random,large,test,370041,large_test_0041_seed_370041,675.3278808294647,308.33461946305965,55.527116768736505,0.43378922878237136,105.98383397484417,0.6893939393939394,160.0,0.014096200000494719,all_eligible,env_inverse_processing_time,stage_A_fixed_instances,True,0,0,0,0,0,0,True
FIFO,large,test,370041,large_test_0041_seed_370041,579.2794401408622,249.8615755591577,3.60567289139942,0.507541270986489,109.25086235462251,0.6893939393939394,160.0,0.013428099977318197,all_eligible,env_inverse_processing_time,stage_A_fixed_instances,True,0,0,0,0,0,0,True
SPT,large,test,370041,large_test_0041_seed_370041,842.6841385766165,396.93213537293195,146.97993263766253,0.35738236932058526,93.05434296308559,0.6893939393939394,160.0,0.021291400014888495,all_eligible,env_inverse_processing_time,stage_A_fixed_instances,True,0,0,0,0,0,0,True
LPT,large,test,370041,large_test_0041_seed_370041,681.0056559671898,474.65672522470055,217.00313171244642,0.44367957699634564,102.53531774467646,0.6893939393939394,160.0,0.023070399998687208,all_eligible,env_inverse_processing_time,stage_A_fixed_instances,True,0,0,0,0,0,0,True
MinCandidateLoad,large,test,370041,large_test_0041_seed_370041,583.8369295688677,316.03275585694155,68.04923437287077,0.5076268647905059,102.75562497625002,0.6893939393939394,160.0,0.016400600026827306,all_eligible,env_inverse_processing_time,stage_A_fixed_instances,True,0,0,0,0,0,0,True
GreedyECT,large,test,370041,large_test_0041_seed_370041,590.2707664770717,254.05013456014046,13.137352171545512,0.5014944920546409,100.8163607753772,0.6893939393939394,160.0,0.02043450000928715,all_eligible,env_inverse_processing_time,stage_A_fixed_instances,True,0,0,0,0,0,0,True
Random,large,test,370042,large_test_0042_seed_370042,560.4225380464911,325.6976842535448,50.78582453364654,0.46135120528067275,60.17496934849055,0.6439393939393939,155.0,0.012229599989950657,all_eligible,env_inverse_processing_time,stage_A_fixed_instances,True,0,0,0,0,0,0,True
FIFO,large,test,370042,large_test_0042_seed_370042,497.2103083859572,272.97430054993015,2.6662644689194606,0.5032314256918793,67.68772318238393,0.6439393939393939,155.0,0.011160499998368323,all_eligible,env_inverse_processing_time,stage_A_fixed_instances,True,0,0,0,0,0,0,True
SPT,large,test,370042,large_test_0042_seed_370042,629.7325889621657,345.44588451235245,72.81684354130178,0.4091503023464228,50.59994301638513,0.6439393939393939,155.0,0.014315899985376745,all_eligible,env_inverse_processing_time,stage_A_fixed_instances,True,0,0,0,0,0,0,True
LPT,large,test,370042,large_test_0042_seed_370042,624.290799551463,436.1479671125563,158.87578653798303,0.4102096373059191,61.104879830129434,0.6439393939393939,155.0,0.021555099985562265,all_eligible,env_inverse_processing_time,stage_A_fixed_instances,True,0,0,0,0,0,0,True
MinCandidateLoad,large,test,370042,large_test_0042_seed_370042,594.6308786678109,325.21473937853,53.5734370374068,0.42609453141120185,67.98269814294552,0.6439393939393939,155.0,0.015246400027535856,all_eligible,env_inverse_processing_time,stage_A_fixed_instances,True,0,0,0,0,0,0,True
GreedyECT,large,test,370042,large_test_0042_seed_370042,529.7520373851199,276.1856062076367,9.666973912383988,0.4778318428106378,65.19133424121172,0.6439393939393939,155.0,0.019612899981439114,all_eligible,env_inverse_processing_time,stage_A_fixed_instances,True,0,0,0,0,0,0,True
Random,large,test,370043,large_test_0043_seed_370043,532.9210977066427,282.9671189760354,31.263554377203036,0.5171473573720751,92.36349975575408,0.7575757575757576,183.0,0.012787300045602024,all_eligible,env_inverse_processing_time,stage_A_fixed_instances,True,0,0,0,0,0,0,True
FIFO,large,test,370043,large_test_0043_seed_370043,524.67206942676,251.2215350575125,4.0622046829014185,0.51243811431782,103.88941200966102,0.7575757575757576,183.0,0.015881100029218942,all_eligible,env_inverse_processing_time,stage_A_fixed_instances,True,0,0,0,0,0,0,True
SPT,large,test,370043,large_test_0043_seed_370043,662.2468522352414,356.0960811143124,105.05100398194078,0.4139930231652336,95.51639467579493,0.7575757575757576,183.0,0.018663300026673824,all_eligible,env_inverse_processing_time,stage_A_fixed_instances,True,0,0,0,0,0,0,True
LPT,large,test,370043,large_test_0043_seed_370043,633.4313766645461,438.2039726484624,184.47712741429746,0.43230894289832633,95.7461123795323,0.7575757575757576,183.0,0.022110400022938848,all_eligible,env_inverse_processing_time,stage_A_fixed_instances,True,0,0,0,0,0,0,True
MinCandidateLoad,large,test,370043,large_test_0043_seed_370043,636.85334215541,334.5336215085319,86.23214816983887,0.4250114435165963,102.01987233323422,0.7575757575757576,183.0,0.01788290002150461,all_eligible,env_inverse_processing_time,stage_A_fixed_instances,True,0,0,0,0,0,0,True
GreedyECT,large,test,370043,large_test_0043_seed_370043,535.0182364985203,260.881224143663,17.84538200964534,0.5075383228320736,99.61507728937553,0.7575757575757576,183.0,0.02205540001159534,all_eligible,env_inverse_processing_time,stage_A_fixed_instances,True,0,0,0,0,0,0,True
Random,large,test,370044,large_test_0044_seed_370044,654.8907700906179,348.73656944767004,53.67702353630815,0.44203408618924317,73.7319441918142,0.5909090909090909,144.0,0.013114499975927174,all_eligible,env_inverse_processing_time,stage_A_fixed_instances,True,0,0,0,0,0,0,True
FIFO,large,test,370044,large_test_0044_seed_370044,549.2624877992922,293.4409408016823,3.9884669807850077,0.514688550335802,63.56060209310705,0.5909090909090909,144.0,0.012744200008455664,all_eligible,env_inverse_processing_time,stage_A_fixed_instances,True,0,0,0,0,0,0,True
SPT,large,test,370044,large_test_0044_seed_370044,762.3369122498397,388.7830013268893,91.17680542613626,0.37741547152743066,62.22136964044514,0.5909090909090909,144.0,0.016231600020546466,all_eligible,env_inverse_processing_time,stage_A_fixed_instances,True,0,0,0,0,0,0,True
LPT,large,test,370044,large_test_0044_seed_370044,662.2841794495561,472.7360418772305,175.27662269468394,0.43582198785817156,46.74504098412204,0.5909090909090909,144.0,0.019198100024368614,all_eligible,env_inverse_processing_time,stage_A_fixed_instances,True,0,0,0,0,0,0,True
MinCandidateLoad,large,test,370044,large_test_0044_seed_370044,623.6725888577125,350.3746765832091,57.03457397865459,0.45600898225742836,66.28374350534307,0.5909090909090909,144.0,0.015482399961911142,all_eligible,env_inverse_processing_time,stage_A_fixed_instances,True,0,0,0,0,0,0,True
GreedyECT,large,test,370044,large_test_0044_seed_370044,577.4533550030986,297.4578223551998,12.092661732582458,0.4980991139218085,62.51821438209337,0.5909090909090909,144.0,0.020068799960426986,all_eligible,env_inverse_processing_time,stage_A_fixed_instances,True,0,0,0,0,0,0,True
Random,large,test,370045,large_test_0045_seed_370045,561.9195838314713,325.0999948458441,37.05704458390196,0.47148781049808297,67.7974900142699,0.6590909090909091,157.0,0.011824299988802522,all_eligible,env_inverse_processing_time,stage_A_fixed_instances,True,0,0,0,0,0,0,True
FIFO,large,test,370045,large_test_0045_seed_370045,544.8422719449275,287.266640828834,4.149925276421679,0.48006559804732496,84.77122107090256,0.6590909090909091,157.0,0.011162700015120208,all_eligible,env_inverse_processing_time,stage_A_fixed_instances,True,0,0,0,0,0,0,True
SPT,large,test,370045,large_test_0045_seed_370045,703.9331664723271,386.36568269753803,98.75926470512682,0.3775716664341334,69.21726367373964,0.6590909090909091,157.0,0.016688500007148832,all_eligible,env_inverse_processing_time,stage_A_fixed_instances,True,0,0,0,0,0,0,True
LPT,large,test,370045,large_test_0045_seed_370045,680.2643399462426,491.1144764512251,201.67816841445116,0.39057445524227324,69.23538036351381,0.6590909090909091,157.0,0.021167099999729544,all_eligible,env_inverse_processing_time,stage_A_fixed_instances,True,0,0,0,0,0,0,True
MinCandidateLoad,large,test,370045,large_test_0045_seed_370045,617.2045480252842,350.8241351882892,67.55510244392943,0.42363647962953455,73.5561524124966,0.6590909090909091,157.0,0.015450999955646694,all_eligible,env_inverse_processing_time,stage_A_fixed_instances,True,0,0,0,0,0,0,True
GreedyECT,large,test,370045,large_test_0045_seed_370045,539.1011453180373,291.384140850897,12.399395619258431,0.4941418781232067,71.5509559220542,0.6590909090909091,157.0,0.018854299967642874,all_eligible,env_inverse_processing_time,stage_A_fixed_instances,True,0,0,0,0,0,0,True
Random,large,test,370046,large_test_0046_seed_370046,563.5134282874898,320.57935291942186,49.83947597876682,0.45509377188041666,56.08215049766691,0.6590909090909091,152.0,0.011875800031702965,all_eligible,env_inverse_processing_time,stage_A_fixed_instances,True,0,0,0,0,0,0,True
FIFO,large,test,370046,large_test_0046_seed_370046,486.01025988204304,267.6489836891262,2.472842813014536,0.5056778119649874,69.57609010699818,0.6590909090909091,152.0,0.011930199980270118,all_eligible,env_inverse_processing_time,stage_A_fixed_instances,True,0,0,0,0,0,0,True
SPT,large,test,370046,large_test_0046_seed_370046,640.9548383125305,385.0296137399715,116.50387919393563,0.3895583600356666,55.904346597220524,0.6590909090909091,152.0,0.018670799967367202,all_eligible,env_inverse_processing_time,stage_A_fixed_instances,True,0,0,0,0,0,0,True
LPT,large,test,370046,large_test_0046_seed_370046,673.8004717399039,459.96614297357655,177.4148497219505,0.3787752810538151,58.954707150055725,0.6590909090909091,152.0,0.019576699996832758,all_eligible,env_inverse_processing_time,stage_A_fixed_instances,True,0,0,0,0,0,0,True
MinCandidateLoad,large,test,370046,large_test_0046_seed_370046,563.0595016305252,332.4959797690566,63.76684297703708,0.4441080141673425,51.852583598463646,0.6590909090909091,152.0,0.015559399966150522,all_eligible,env_inverse_processing_time,stage_A_fixed_instances,True,0,0,0,0,0,0,True
GreedyECT,large,test,370046,large_test_0046_seed_370046,524.6311021170733,271.2437527254192,9.240023218434027,0.46945871385590865,65.75345929284944,0.6590909090909091,152.0,0.018028599966783077,all_eligible,env_inverse_processing_time,stage_A_fixed_instances,True,0,0,0,0,0,0,True
Random,large,test,370047,large_test_0047_seed_370047,561.0621085577667,311.27502071232664,44.721169906177145,0.48054562774753573,73.6907161022151,0.7196969696969697,167.0,0.012401600019074976,all_eligible,env_inverse_processing_time,stage_A_fixed_instances,True,0,0,0,0,0,0,True
FIFO,large,test,370047,large_test_0047_seed_370047,522.1024133420082,260.8924459414306,1.9936103060472063,0.4935172299466448,98.41373939677712,0.7196969696969697,167.0,0.011812899960204959,all_eligible,env_inverse_processing_time,stage_A_fixed_instances,True,0,0,0,0,0,0,True
SPT,large,test,370047,large_test_0047_seed_370047,762.2524052906094,382.4187924997659,115.8523116562693,0.3513156858466984,77.09518707497924,0.7196969696969697,167.0,0.016452400013804436,all_eligible,env_inverse_processing_time,stage_A_fixed_instances,True,0,0,0,0,0,0,True
LPT,large,test,370047,large_test_0047_seed_370047,653.736321406893,470.1060762709838,195.78112243938077,0.4120290670140088,81.87973034316099,0.7196969696969697,167.0,0.020087199984118342,all_eligible,env_inverse_processing_time,stage_A_fixed_instances,True,0,0,0,0,0,0,True
MinCandidateLoad,large,test,370047,large_test_0047_seed_370047,598.4308511057756,323.57631379255923,52.75787398968173,0.4387969444327311,85.85386110529365,0.7196969696969697,167.0,0.01525609998498112,all_eligible,env_inverse_processing_time,stage_A_fixed_instances,True,0,0,0,0,0,0,True
GreedyECT,large,test,370047,large_test_0047_seed_370047,556.1858432899172,264.65031207669307,8.653597605435493,0.46810468910506065,90.48454634797449,0.7196969696969697,167.0,0.017969999986235052,all_eligible,env_inverse_processing_time,stage_A_fixed_instances,True,0,0,0,0,0,0,True
Random,large,test,370048,large_test_0048_seed_370048,625.6833397643745,348.50750227700524,69.74585514969318,0.43481680902770276,91.57184048336076,0.6515151515151515,148.0,0.01258179999422282,all_eligible,env_inverse_processing_time,stage_A_fixed_instances,True,0,0,0,0,0,0,True
FIFO,large,test,370048,large_test_0048_seed_370048,507.96312452274833,274.0250388412868,4.628120336415904,0.5278847209439415,85.86841733868395,0.6515151515151515,148.0,0.012173799972515553,all_eligible,env_inverse_processing_time,stage_A_fixed_instances,True,0,0,0,0,0,0,True
SPT,large,test,370048,large_test_0048_seed_370048,697.881868280368,382.5751769376102,105.60216134374983,0.39155649185828795,84.65253726260326,0.6515151515151515,148.0,0.016796299954876304,all_eligible,env_inverse_processing_time,stage_A_fixed_instances,True,0,0,0,0,0,0,True
LPT,large,test,370048,large_test_0048_seed_370048,638.2923380265321,464.98777962559285,185.1632248581917,0.4264924709452334,79.46617328166816,0.6515151515151515,148.0,0.01899279997451231,all_eligible,env_inverse_processing_time,stage_A_fixed_instances,True,0,0,0,0,0,0,True
MinCandidateLoad,large,test,370048,large_test_0048_seed_370048,569.6034116372707,319.6965392103358,46.58946423200797,0.4768642598014597,81.06151421638408,0.6515151515151515,148.0,0.015293700038455427,all_eligible,env_inverse_processing_time,stage_A_fixed_instances,True,0,0,0,0,0,0,True
GreedyECT,large,test,370048,large_test_0048_seed_370048,546.0425139585831,279.86121399221975,14.483258205884788,0.4939169105344264,86.28707748258923,0.6515151515151515,148.0,0.020018699986394495,all_eligible,env_inverse_processing_time,stage_A_fixed_instances,True,0,0,0,0,0,0,True
Random,large,test,370049,large_test_0049_seed_370049,611.9587177721153,366.5604284353657,73.10486811734214,0.494115405882111,62.13942087302678,0.6666666666666666,154.0,0.013154399988707155,all_eligible,env_inverse_processing_time,stage_A_fixed_instances,True,0,0,0,0,0,0,True
FIFO,large,test,370049,large_test_0049_seed_370049,521.2499320165895,284.50823562709843,2.8166186957160324,0.5563017337578907,82.8609919385385,0.6666666666666666,154.0,0.010988700028974563,all_eligible,env_inverse_processing_time,stage_A_fixed_instances,True,0,0,0,0,0,0,True
SPT,large,test,370049,large_test_0049_seed_370049,740.0662265237702,379.7897598603422,89.10756892616743,0.40297184261180613,72.13931523235284,0.6666666666666666,154.0,0.0161097000236623,all_eligible,env_inverse_processing_time,stage_A_fixed_instances,True,0,0,0,0,0,0,True
LPT,large,test,370049,large_test_0049_seed_370049,651.9770502610174,475.33801761490014,177.11301307743926,0.4607510700831126,62.78063897896288,0.6666666666666666,154.0,0.02084930002456531,all_eligible,env_inverse_processing_time,stage_A_fixed_instances,True,0,0,0,0,0,0,True
MinCandidateLoad,large,test,370049,large_test_0049_seed_370049,634.1561133919737,387.7057824767998,97.3347332763087,0.4700277134098696,57.379614997343275,0.6666666666666666,154.0,0.01757019996875897,all_eligible,env_inverse_processing_time,stage_A_fixed_instances,True,0,0,0,0,0,0,True
GreedyECT,large,test,370049,large_test_0049_seed_370049,589.7419852614497,289.6713392777817,10.73874317564688,0.5009446391146781,66.13078679333104,0.6666666666666666,154.0,0.019343199965078384,all_eligible,env_inverse_processing_time,stage_A_fixed_instances,True,0,0,0,0,0,0,True
